duration,protocol,service,src_bytes,dst_bytes,packet_count,flow_bytes_per_sec,flow_packets_per_sec,failed_login_count,same_srv_rate,serror_rate,rerror_rate,Label
8.323,TCP,smtp,1868,1183,717,366.575,86.147,0,0.672,0.102,0.089,Benign
7.057,TCP,https,4971,257,3441,740.825,487.601,0,0.376,0.107,0.07,Benign
24.194,TCP,other,3502,2827,842,261.594,34.802,0,0.274,0.032,0.076,Benign
8.009,UDP,ssh,395,6017,650,800.599,81.159,0,0.642,0.019,0.092,Benign
1.815,ICMP,other,13601,1442,2375,8288.154,1308.54,0,0.988,0.581,0.281,DDoS
40.577,TCP,ssh,6177,1432,4995,187.52,123.099,52,0.708,0.278,0.318,Brute Force
13.922,TCP,https,2251,7620,463,709.022,33.257,0,0.383,0.084,0.068,Benign
8.105,UDP,ftp,1768,7520,4094,1145.959,505.12,0,0.517,0.131,0.031,Benign
21.926,UDP,https,8581,49823,4785,2663.687,218.234,4,0.52,0.212,0.237,Web Attack
14.856,TCP,ssh,425,7094,3463,506.125,233.104,0,0.677,0.094,0.079,Benign
15.921,ICMP,ftp,4572,7091,4403,732.554,276.553,0,0.801,0.102,0.011,Benign
1.475,UDP,http,11365,929,2162,8334.915,1465.763,0,0.978,0.551,0.303,DoS
4.354,ICMP,http,20558,1723,1257,5117.363,288.7,0,0.499,0.838,0.263,DoS
18.008,ICMP,http,4042,199,2524,235.506,140.16,0,0.392,0.054,0.099,Benign
2.661,ICMP,http,4021,6724,1056,4037.956,396.843,0,0.728,0.114,0.077,Benign
167.749,TCP,dns,20376,14365,1652,207.101,9.848,1,0.77,0.707,0.39,Botnet
11.265,ICMP,smtp,4279,3738,4824,711.673,428.229,0,0.643,0.034,0.034,Benign
21.264,TCP,http,522,1915,4216,114.607,198.269,0,0.39,0.005,0.033,Benign
4.056,TCP,ssh,4717,4760,1564,2336.538,385.602,0,0.275,0.118,0.081,Benign
12.392,UDP,ftp,483,5556,2784,487.331,224.661,0,0.84,0.097,0.006,Benign
16.135,TCP,https,1188,3496,622,290.301,38.55,0,0.555,0.069,0.087,Benign
15.565,ICMP,ssh,9056,220,3334,595.952,214.199,16,0.589,0.563,0.389,Brute Force
5.023,UDP,http,57,3238,3470,655.982,690.822,0,0.757,0.118,0.046,Benign
3.595,ICMP,smtp,11144,388,4749,3207.789,1321.001,0,0.789,0.684,0.389,DoS
1.599,UDP,http,3945,4159,4165,5068.168,2604.753,0,0.264,0.08,0.006,Benign
20.289,ICMP,http,1966,3347,4875,261.866,240.278,0,0.232,0.134,0.025,Benign
17.0,ICMP,ssh,2631,7697,2180,607.529,128.235,0,0.517,0.1,0.031,Benign
9.554,UDP,ftp,634,116,605,78.501,63.324,0,0.63,0.15,0.1,Benign
26.438,TCP,dns,2041,3067,2483,193.207,93.918,0,0.689,0.066,0.054,Benign
33.677,ICMP,ssh,108099,73692,1105,5398.076,32.812,4,0.412,0.612,0.147,Infiltration
27.099,ICMP,ftp,4816,1825,4145,245.064,152.958,48,0.591,0.202,0.304,Brute Force
51.108,TCP,https,9566,3889,1328,263.266,25.984,0,0.793,0.15,0.083,Web Attack
0.389,UDP,ssh,656,7781,3029,21688.946,7786.632,0,0.666,0.136,0.055,Benign
9.317,TCP,http,366,7403,2902,833.852,311.474,0,0.824,0.102,0.067,Benign
92.443,UDP,ftp,4078,1431,3377,59.593,36.531,27,0.842,0.541,0.06,Brute Force
27.512,TCP,ftp,1971,3233,2869,189.154,104.282,9,0.444,0.529,0.139,Brute Force
0.128,TCP,https,13656,816,2291,113062.5,17898.438,0,0.481,0.698,0.353,DDoS
16.133,ICMP,other,266,984,2179,77.481,135.065,0,0.231,0.039,0.058,Benign
23.614,UDP,smtp,3614,5006,1562,365.038,66.147,1,0.404,0.017,0.09,Benign
27.775,TCP,ssh,4450,5666,2988,364.212,107.579,0,0.545,0.111,0.067,Benign
107.896,UDP,ssh,28287,4583,2677,304.645,24.811,2,0.522,0.454,0.35,Botnet
12.671,TCP,https,3145,5588,3331,689.212,262.884,0,0.638,0.026,0.057,Benign
12.954,UDP,https,4791,5009,1755,756.523,135.479,0,0.609,0.07,0.044,Benign
3.298,ICMP,https,19598,1055,770,6262.28,233.475,0,0.855,0.849,0.267,DDoS
1.131,ICMP,dns,14050,301,3897,12688.771,3445.623,0,0.689,0.561,0.136,DoS
4.432,UDP,ftp,38727,398,3278,8827.843,739.621,0,0.395,0.873,0.184,DoS
25.827,TCP,other,913,6416,4248,283.773,164.479,0,0.572,0.026,0.096,Benign
4.087,TCP,ftp,3846,5508,3630,2288.72,888.182,0,0.69,0.084,0.032,Benign
24.934,ICMP,ftp,4528,3692,2128,329.67,85.345,0,0.801,0.112,0.047,Benign
3.891,UDP,other,32758,1283,2345,8748.651,602.673,0,0.388,0.658,0.204,DDoS
4.237,ICMP,http,1934,3177,3344,1206.278,789.238,0,0.465,0.106,0.006,Benign
25.003,TCP,https,3230,7452,4721,427.229,188.817,0,0.504,0.142,0.002,Benign
22.629,UDP,dns,3472,4449,1811,350.038,80.03,0,0.591,0.082,0.06,Benign
11.727,UDP,http,3352,5972,4380,795.088,373.497,0,0.222,0.07,0.013,Benign
0.91,ICMP,smtp,3551,1151,2686,5167.033,2951.648,0,0.369,0.027,0.026,Benign
22.585,UDP,dns,3493,2106,431,247.908,19.083,0,1.0,0.071,0.075,Benign
23.459,ICMP,http,369,6218,1253,280.788,53.412,0,0.391,0.037,0.084,Benign
28.438,TCP,ssh,3849,5770,943,338.245,33.16,0,0.822,0.055,0.061,Benign
17.403,UDP,http,2595,4756,1629,422.398,93.605,0,0.261,0.144,0.04,Benign
3.147,ICMP,https,2510,7005,4641,3023.514,1474.738,0,0.826,0.121,0.08,Benign
11.18,UDP,smtp,4184,5344,869,852.236,77.728,0,0.547,0.127,0.082,Benign
4.674,UDP,smtp,1482,6051,4413,1611.682,944.159,0,0.82,0.098,0.062,Benign
8.125,ICMP,ssh,2051,6845,3811,1094.892,469.046,0,0.656,0.042,0.045,Benign
14.88,UDP,http,2702,1529,2295,284.341,154.234,0,0.904,0.053,0.026,Benign
0.404,UDP,ssh,1605,741,1973,5806.931,4883.663,0,0.752,0.061,0.056,Benign
23.809,UDP,ftp,802,2450,4769,136.587,200.302,0,0.495,0.104,0.031,Benign
29.899,UDP,ftp,4548,2749,1893,244.055,63.313,0,0.297,0.068,0.031,Benign
16.122,TCP,smtp,1556,1609,4302,196.316,266.84,0,0.677,0.073,0.072,Benign
136.917,TCP,dns,24519,40618,377,475.741,2.753,0,0.979,0.489,0.157,Infiltration
19.172,ICMP,https,4061,880,3613,257.72,188.452,0,0.473,0.086,0.047,Benign
153.764,UDP,other,27439,2641,444,195.624,2.888,3,0.321,0.445,0.31,Botnet
4.97,UDP,http,8762,1142,1853,1992.757,372.837,0,0.821,0.894,0.262,DDoS
25.819,UDP,dns,3552,2541,817,235.989,31.643,0,0.958,0.009,0.096,Benign
19.847,TCP,dns,1326,2004,3695,167.784,186.174,0,0.751,0.011,0.0,Benign
8.714,TCP,https,2356,5798,2172,935.736,249.254,0,0.83,0.011,0.023,Benign
28.017,ICMP,other,3522,980,1170,160.688,41.76,0,0.257,0.097,0.091,Benign
22.494,UDP,ssh,4702,7586,3302,546.279,146.795,0,0.954,0.019,0.069,Benign
2.505,UDP,ftp,366,7326,753,3070.659,300.599,0,0.383,0.048,0.025,Benign
28.529,ICMP,ssh,2247,4760,3627,245.61,127.134,0,0.933,0.113,0.047,Benign
19.08,ICMP,ftp,4068,7978,861,631.342,45.126,0,0.886,0.052,0.033,Benign
8.718,ICMP,ftp,3320,6704,2072,1149.805,237.669,0,0.459,0.006,0.009,Benign
271.86,UDP,other,1150,87200,4252,324.983,15.64,8,0.489,0.354,0.124,Infiltration
3.802,ICMP,ftp,14340,546,3594,3915.308,945.292,0,0.905,0.797,0.375,DoS
18.305,TCP,smtp,2000,5854,768,429.063,41.956,0,0.38,0.083,0.055,Benign
4.736,TCP,ftp,43448,1704,2395,9533.784,505.701,0,0.607,0.619,0.376,DDoS
7.388,UDP,ftp,4555,1224,1123,782.214,152.003,0,0.891,0.138,0.051,Benign
28.034,UDP,dns,4199,2228,4813,229.257,171.684,0,0.664,0.042,0.03,Benign
16.204,TCP,ftp,2867,2763,2641,347.445,162.984,0,0.896,0.082,0.046,Benign
209.996,TCP,ssh,113199,102652,3128,1027.881,14.896,6,0.509,0.124,0.435,Infiltration
14.91,ICMP,https,343,1074,3611,95.037,242.186,0,0.28,0.089,0.087,Benign
12.388,TCP,https,5558,5903,662,925.17,53.439,3,0.881,0.284,0.116,Web Attack
114.955,ICMP,ftp,8194,4532,1868,110.704,16.25,9,0.797,0.409,0.144,Brute Force
19.049,TCP,other,863,3674,2662,238.175,139.745,0,0.837,0.045,0.003,Benign
4.453,UDP,ftp,4391,3415,651,1752.976,146.194,0,0.688,0.119,0.017,Benign
14.98,ICMP,https,4817,1212,81,402.47,5.407,0,0.919,0.096,0.046,Benign
16.443,UDP,smtp,645,3658,3480,261.692,211.64,0,0.752,0.148,0.03,Benign
29.981,UDP,https,3998,913,2423,163.804,80.818,0,0.218,0.086,0.057,Benign
0.05,UDP,dns,57693,1404,4972,1181940.0,99440.0,0,0.796,0.9,0.391,DDoS
3.996,UDP,other,40784,1642,2058,10617.117,515.015,0,0.742,0.709,0.273,DDoS
4.193,ICMP,smtp,42172,198,2535,10104.937,604.579,0,0.831,0.957,0.276,DoS
4.029,UDP,smtp,2457,2716,4423,1283.941,1097.791,0,0.901,0.026,0.013,Benign
24.931,ICMP,dns,2145,7527,2779,387.951,111.468,0,0.843,0.072,0.081,Benign
22.649,TCP,https,1888,7086,4570,396.221,201.775,0,0.493,0.101,0.04,Benign
2.687,TCP,dns,30804,754,4793,11744.697,1783.774,0,0.505,0.853,0.285,DDoS
20.278,UDP,http,3902,245,1818,204.507,89.654,0,0.718,0.141,0.033,Benign
9.135,UDP,smtp,3384,995,4040,479.365,442.255,0,0.293,0.142,0.03,Benign
11.721,ICMP,https,3079,5532,4816,734.664,410.886,0,0.794,0.104,0.054,Benign
3.061,UDP,smtp,4048,5083,3040,2983.012,993.139,0,0.374,0.143,0.003,Benign
10.944,TCP,other,3049,4500,2265,689.784,206.963,0,0.352,0.097,0.006,Benign
19.917,UDP,http,4931,7995,1036,648.993,52.016,0,0.83,0.118,0.024,Benign
17.633,ICMP,https,1948,2731,2276,265.355,129.076,0,0.887,0.118,0.06,Benign
7.595,TCP,ssh,1469,940,1954,317.182,257.275,0,0.671,0.004,0.001,Benign
3.89,UDP,http,3488,4349,2970,2014.653,763.496,0,0.611,0.01,0.045,Benign
28.368,ICMP,https,395,5997,3757,225.324,132.438,0,0.715,0.13,0.052,Benign
12.108,UDP,other,924,4056,2643,411.298,218.285,0,0.687,0.067,0.09,Benign
19.029,UDP,ssh,4532,5873,3721,546.797,195.544,0,0.604,0.149,0.053,Benign
25.599,ICMP,http,4556,5945,3394,410.211,132.583,0,0.471,0.065,0.089,Benign
2.943,UDP,smtp,3536,2600,3890,2084.947,1321.78,0,0.254,0.056,0.015,Benign
0.492,TCP,ftp,49417,763,4809,101991.87,9774.39,0,0.965,0.915,0.245,DDoS
12.383,ICMP,http,3504,7151,2564,860.454,207.058,0,0.481,0.008,0.029,Benign
19.736,TCP,https,1877,6980,2287,448.774,115.88,0,0.659,0.127,0.037,Benign
4.094,ICMP,other,41211,1382,2195,10403.762,536.15,0,0.223,0.839,0.059,DDoS
10.596,UDP,dns,1526,7165,256,820.215,24.16,0,0.273,0.099,0.007,Benign
13.664,UDP,ftp,1329,3071,4889,322.014,357.802,0,0.268,0.049,0.094,Benign
18.573,TCP,other,708,2269,3397,160.286,182.9,0,0.419,0.064,0.061,Benign
2.155,TCP,dns,19562,1388,2531,9721.578,1174.478,0,0.236,0.855,0.22,DoS
0.33,ICMP,http,2509,7784,2692,31190.909,8157.576,0,0.296,0.021,0.026,Benign
3.963,UDP,https,4402,5804,2906,2575.322,733.283,0,0.258,0.084,0.067,Benign
12.062,TCP,ftp,1475,2664,2376,343.144,196.982,78,0.292,0.315,0.212,Brute Force
24.06,UDP,https,3809,6855,872,443.225,36.243,0,0.395,0.054,0.044,Benign
11.933,ICMP,http,2581,6149,4186,731.585,350.792,0,0.707,0.05,0.017,Benign
10.546,TCP,other,1249,1975,1257,305.708,119.192,0,0.808,0.038,0.017,Benign
18.876,TCP,other,3840,6220,4629,532.952,245.232,0,0.714,0.087,0.068,Benign
486.357,UDP,other,42436,20786,2485,129.991,5.109,7,0.837,0.138,0.299,Infiltration
2.318,UDP,ssh,3822,3742,744,3263.158,320.966,0,0.692,0.055,0.029,Benign
16.674,UDP,ssh,376,3724,4961,245.892,297.529,0,0.581,0.086,0.019,Benign
3.195,TCP,ftp,2853,5891,3591,2736.776,1123.944,0,0.993,0.097,0.004,Benign
10.981,ICMP,https,2357,3213,2746,507.24,250.068,0,0.253,0.051,0.06,Benign
8.596,ICMP,ftp,4977,7193,2870,1415.775,333.876,0,0.448,0.012,0.066,Benign
3.956,ICMP,ftp,734,2576,1051,836.704,265.672,0,0.736,0.097,0.033,Benign
4.563,ICMP,smtp,7124,1323,154,1851.194,33.75,0,0.49,0.852,0.228,DDoS
28.435,TCP,dns,4023,1612,833,198.171,29.295,0,0.606,0.021,0.008,Benign
1.229,ICMP,ssh,2798,7219,1334,8150.529,1085.435,0,0.345,0.02,0.038,Benign
27.089,ICMP,other,3625,397,3643,148.474,134.483,0,0.688,0.101,0.024,Benign
2.675,UDP,https,21281,1977,1594,8694.579,595.888,0,0.494,0.914,0.214,DoS
235.443,UDP,ftp,25997,13013,4958,165.688,21.058,3,0.311,0.73,0.418,Botnet
26.236,ICMP,ftp,4582,7693,2340,467.869,89.19,0,0.267,0.127,0.085,Benign
4.506,UDP,ssh,3623,791,2868,979.583,636.485,0,0.944,0.033,0.045,Benign
11.281,UDP,ssh,3203,708,2751,346.689,243.861,0,0.833,0.004,0.093,Benign
14.226,UDP,other,1176,6256,654,522.424,45.972,0,0.215,0.067,0.001,Benign
28.213,TCP,ssh,4363,3507,396,278.949,14.036,0,0.391,0.043,0.03,Benign
1.978,ICMP,ftp,4134,4928,1181,4581.395,597.068,0,0.433,0.095,0.058,Benign
17.163,UDP,https,1574,5482,4314,411.117,251.355,0,0.635,0.079,0.036,Benign
0.111,ICMP,ssh,58234,962,3063,533297.297,27594.595,0,0.403,0.57,0.185,DoS
7.31,TCP,dns,889,6360,2891,991.655,395.486,0,0.637,0.114,0.013,Benign
3.898,TCP,other,31449,1424,1109,8433.299,284.505,0,0.25,0.765,0.114,DDoS
1.474,UDP,http,3870,1620,2545,3724.559,1726.594,0,0.612,0.64,0.065,DoS
149.057,ICMP,ftp,99735,85790,396,1244.658,2.657,3,0.893,0.257,0.488,Infiltration
11.104,TCP,other,3316,6129,1535,850.594,138.238,0,0.597,0.143,0.034,Benign
24.054,ICMP,dns,3517,686,2411,174.732,100.233,0,0.457,0.149,0.018,Benign
9.264,ICMP,dns,4976,5919,351,1176.058,37.889,0,0.781,0.103,0.035,Benign
22.69,ICMP,http,2379,5917,260,365.624,11.459,5,0.314,0.241,0.141,Web Attack
3.874,UDP,http,1973,6417,270,2165.72,69.695,0,0.684,0.054,0.095,Benign
13.374,UDP,dns,669,4741,2288,404.516,171.078,0,0.4,0.055,0.031,Benign
15.021,ICMP,https,3210,7523,3660,714.533,243.659,0,0.372,0.039,0.026,Benign
6.085,ICMP,ftp,1151,7026,724,1343.796,118.981,0,0.848,0.026,0.071,Benign
117.279,UDP,smtp,2627,18522,1431,180.331,12.202,2,0.835,0.685,0.433,Botnet
23.783,TCP,https,1979,6514,3833,357.104,161.166,0,0.843,0.054,0.057,Benign
2.066,ICMP,http,3301,5913,4714,4459.826,2281.704,0,0.259,0.079,0.077,Benign
241.488,ICMP,http,90143,68811,4521,658.227,18.721,5,0.712,0.171,0.473,Infiltration
15.136,TCP,ftp,493,6850,2648,485.135,174.947,0,0.948,0.023,0.016,Benign
25.393,ICMP,dns,2092,1648,2485,147.285,97.862,0,0.692,0.083,0.013,Benign
17.795,ICMP,https,4796,1303,2770,342.737,155.662,0,0.874,0.094,0.09,Benign
1.459,TCP,http,4764,2208,253,4778.615,173.406,0,0.598,0.115,0.042,Benign
28.704,UDP,smtp,3996,2046,602,210.493,20.973,0,0.751,0.103,0.03,Benign
13.987,UDP,ftp,2826,5009,2834,560.163,202.617,0,0.98,0.129,0.032,Benign
16.893,UDP,ssh,2654,2020,798,276.683,47.239,0,0.24,0.04,0.025,Benign
89.516,ICMP,ftp,28854,5733,1560,386.378,17.427,2,0.81,0.71,0.375,Botnet
15.013,ICMP,ftp,2567,4114,1977,445.014,131.686,0,0.372,0.142,0.051,Benign
14.897,TCP,dns,3895,2380,2171,421.226,145.734,0,0.782,0.127,0.043,Benign
2.009,UDP,http,38373,1150,607,19672.972,302.14,0,0.509,0.638,0.244,DoS
24.777,ICMP,dns,1013,1094,2782,85.039,112.282,1,0.646,0.059,0.079,Benign
18.114,TCP,https,3328,4136,3885,412.057,214.475,0,0.615,0.006,0.071,Benign
9.906,ICMP,https,2649,1371,4868,405.815,491.419,0,0.469,0.092,0.084,Benign
3.547,ICMP,ftp,20647,972,902,6095.01,254.299,0,0.984,0.917,0.179,DDoS
20.673,ICMP,other,258,4929,4743,250.907,229.43,0,0.662,0.145,0.078,Benign
0.861,ICMP,ftp,42223,1476,1215,50753.775,1411.15,0,0.857,0.829,0.344,DoS
3.386,ICMP,smtp,195,3652,3366,1136.149,994.093,0,0.601,0.023,0.069,Benign
25.466,UDP,other,550,5821,3923,250.177,154.049,0,0.62,0.031,0.033,Benign
27.373,TCP,ftp,2844,4515,2170,268.842,79.275,0,0.688,0.116,0.072,Benign
16.787,TCP,dns,1882,7752,1703,573.896,101.448,1,0.752,0.045,0.029,Benign
16.859,UDP,dns,2280,2397,3237,277.419,192.004,0,0.855,0.101,0.038,Benign
31.779,TCP,dns,23900,3089,3929,849.272,123.635,2,0.371,0.704,0.345,Botnet
3.484,UDP,ssh,9996,223,1991,2933.123,571.47,0,0.241,0.827,0.255,DDoS
19.394,TCP,http,3783,28086,47,1643.24,2.423,2,0.972,0.265,0.075,Web Attack
336.86,TCP,ftp,116428,116133,2358,690.379,7.0,7,0.457,0.363,0.19,Infiltration
17.267,TCP,smtp,4423,6091,1439,608.907,83.338,0,0.534,0.141,0.091,Benign
1.991,TCP,other,33465,381,2376,16999.498,1193.37,0,0.901,0.971,0.387,DDoS
3.308,ICMP,ssh,2784,2371,1104,1558.343,333.736,0,0.881,0.096,0.052,Benign
3.468,TCP,other,1371,6029,2766,2133.795,797.578,0,0.833,0.039,0.019,Benign
18.368,TCP,https,3361,6814,786,553.953,42.792,0,0.348,0.049,0.04,Benign
0.304,UDP,https,3182,1969,4776,16944.079,15710.526,0,0.778,0.04,0.033,Benign
20.814,ICMP,dns,548,5510,4121,291.054,197.992,0,0.938,0.046,0.041,Benign
22.916,UDP,ssh,5033,3110,3732,355.341,162.856,33,0.798,0.21,0.103,Brute Force
16.522,UDP,smtp,3897,6244,2032,613.788,122.988,0,0.744,0.1,0.022,Benign
13.458,TCP,ssh,3003,679,4145,273.592,307.995,0,0.362,0.017,0.083,Benign
25.649,TCP,dns,3659,992,4185,181.333,163.164,0,0.556,0.108,0.049,Benign
12.521,TCP,ssh,4659,512,183,412.986,14.615,0,0.517,0.101,0.031,Benign
2.896,ICMP,https,3968,867,498,1669.544,171.961,0,0.948,0.705,0.072,DDoS
8.684,UDP,http,1514,6339,3448,904.307,397.052,0,0.5,0.096,0.073,Benign
110.883,UDP,ssh,6384,3177,2853,86.226,25.73,15,0.295,0.441,0.315,Brute Force
89.853,UDP,ssh,30188,110421,3797,1564.878,42.258,0,0.739,0.516,0.54,Infiltration
24.718,ICMP,ftp,2067,3813,929,237.883,37.584,0,0.226,0.041,0.094,Benign
28.094,ICMP,other,168,2011,4902,77.561,174.486,0,0.738,0.015,0.003,Benign
14.866,TCP,ssh,7391,2019,1152,632.988,77.492,74,0.603,0.209,0.395,Brute Force
9.635,ICMP,ssh,4938,6368,1178,1173.43,122.263,0,0.989,0.048,0.03,Benign
8.327,UDP,dns,4600,7810,3504,1490.333,420.8,0,0.645,0.11,0.018,Benign
20.173,UDP,smtp,4336,2651,1511,346.354,74.902,0,0.804,0.061,0.03,Benign
25.74,TCP,dns,1222,6640,3417,305.439,132.751,0,0.646,0.009,0.041,Benign
6.18,TCP,dns,687,7594,1565,1339.968,253.236,0,0.241,0.056,0.054,Benign
1.282,ICMP,ssh,636,1581,1782,1729.329,1390.016,0,0.584,0.088,0.067,Benign
115.272,UDP,ftp,451,1835,1992,19.831,17.281,29,0.757,0.581,0.097,Brute Force
16.607,UDP,https,2358,3158,2951,332.149,177.696,0,0.61,0.097,0.031,Benign
29.441,TCP,other,3886,6279,3395,345.267,115.315,0,0.237,0.137,0.037,Benign
11.784,ICMP,ssh,9265,4884,2707,1200.696,229.718,79,0.384,0.46,0.168,Brute Force
16.564,TCP,ftp,2805,2148,4023,299.022,242.876,0,0.569,0.073,0.072,Benign
0.708,UDP,https,36818,1000,486,53415.254,686.441,0,0.619,0.633,0.361,DoS
3.344,TCP,other,51091,13,1900,15282.297,568.182,0,0.254,0.736,0.345,DDoS
13.735,TCP,ssh,535,5101,4001,410.339,291.3,0,0.213,0.14,0.091,Benign
0.6,UDP,http,2290,4428,3532,11196.667,5886.667,1,0.845,0.003,0.081,Benign
42.426,TCP,https,8396,13578,3256,517.937,76.745,4,0.263,0.208,0.254,Web Attack
88.098,UDP,ssh,23347,7900,264,354.685,2.997,2,0.275,0.56,0.432,Botnet
1.778,ICMP,ftp,117,5797,2718,3326.209,1528.684,0,0.653,0.075,0.043,Benign
111.107,TCP,ssh,3964,1831,2301,52.157,20.71,77,0.919,0.338,0.069,Brute Force
27.87,TCP,https,2616,168,3267,99.892,117.223,1,0.943,0.088,0.075,Benign
17.044,ICMP,https,3227,5586,1151,517.073,67.531,0,0.832,0.05,0.076,Benign
22.389,TCP,ssh,2873,479,4962,149.716,221.627,0,0.815,0.035,0.008,Benign
111.385,UDP,other,21278,9456,3080,275.926,27.652,3,0.545,0.444,0.21,Botnet
2.662,ICMP,ftp,2459,6577,3117,3394.44,1170.924,0,0.769,0.011,0.027,Benign
9.569,ICMP,ftp,912,789,2214,177.762,231.372,0,0.282,0.046,0.036,Benign
16.754,UDP,ftp,4237,3382,4895,454.757,292.169,0,0.678,0.013,0.055,Benign
8.826,UDP,http,3216,6422,1993,1092.001,225.81,0,0.658,0.135,0.091,Benign
4.251,UDP,https,2506,2238,3454,1115.973,812.515,0,0.44,0.009,0.043,Benign
4.722,UDP,dns,48244,1280,3755,10487.929,795.214,0,0.286,0.773,0.266,DoS
25.264,UDP,dns,3152,6626,4874,387.033,192.923,0,0.309,0.066,0.043,Benign
14.422,ICMP,https,1495,7941,4027,654.278,279.226,0,0.974,0.048,0.073,Benign
1.409,UDP,ftp,52502,804,1641,37832.505,1164.656,0,0.674,0.714,0.376,DoS
16.548,ICMP,other,3821,7764,571,700.085,34.506,0,0.855,0.066,0.029,Benign
2.502,UDP,smtp,42506,620,3471,17236.611,1387.29,0,0.831,0.659,0.281,DDoS
17.509,ICMP,ftp,4417,4190,306,491.576,17.477,0,0.833,0.13,0.042,Benign
19.182,ICMP,ssh,736,935,367,87.113,19.133,0,0.651,0.099,0.036,Benign
29.008,ICMP,ftp,2756,7951,1823,369.105,62.845,0,0.609,0.016,0.01,Benign
17.3,ICMP,smtp,3691,3104,4104,392.775,237.225,0,0.321,0.116,0.059,Benign
168.853,UDP,http,12253,16213,1699,168.585,10.062,2,0.617,0.292,0.254,Infiltration
21.688,TCP,ftp,3746,2652,190,295.002,8.761,0,0.879,0.007,0.071,Benign
5.014,ICMP,other,2038,4267,3790,1257.479,755.884,0,0.385,0.024,0.056,Benign
19.25,TCP,https,3580,3280,4856,356.364,252.26,0,0.544,0.092,0.02,Benign
8.423,TCP,https,552,4769,2675,631.723,317.583,0,0.358,0.131,0.019,Benign
14.736,ICMP,other,2607,4930,2888,511.469,195.983,0,0.876,0.059,0.011,Benign
24.038,ICMP,smtp,4874,734,963,233.297,40.062,0,0.346,0.047,0.024,Benign
12.605,ICMP,ftp,1169,4748,1424,469.417,112.971,0,0.644,0.028,0.064,Benign
9.506,TCP,https,3734,5114,1123,930.781,118.136,0,0.356,0.054,0.001,Benign
19.627,ICMP,ssh,3391,5649,1375,460.59,70.057,0,0.266,0.107,0.044,Benign
1.078,TCP,dns,1881,4444,4062,5867.347,3768.089,0,0.64,0.117,0.057,Benign
23.276,TCP,dns,3045,4480,4480,323.294,192.473,0,0.375,0.006,0.072,Benign
19.645,ICMP,other,2067,2478,717,231.357,36.498,0,0.551,0.005,0.026,Benign
411.03,TCP,https,78060,91326,3512,412.101,8.544,5,0.333,0.574,0.375,Infiltration
6.288,TCP,other,526,4710,2656,832.697,422.392,0,0.983,0.042,0.054,Benign
28.577,ICMP,dns,4254,7414,3376,408.3,118.137,0,0.935,0.014,0.096,Benign
359.67,ICMP,https,18392,33725,3222,144.902,8.958,2,0.592,0.491,0.473,Infiltration
12.485,UDP,smtp,3742,658,4228,352.423,338.646,0,0.8,0.132,0.009,Benign
28.513,UDP,ftp,2721,4807,3760,264.02,131.87,0,0.708,0.116,0.073,Benign
16.079,TCP,other,1824,7970,2328,609.117,144.785,0,0.47,0.032,0.027,Benign
14.612,ICMP,other,2855,7364,3769,699.357,257.939,0,0.213,0.007,0.01,Benign
37.065,TCP,https,14518,14259,1307,776.393,35.262,5,0.9,0.323,0.271,Web Attack
49.648,TCP,ssh,1550,3146,3521,94.586,70.919,26,0.724,0.126,0.3,Brute Force
14.357,TCP,https,1127,4903,2819,420.004,196.35,0,0.854,0.102,0.001,Benign
92.122,UDP,smtp,10283,31008,850,448.221,9.227,6,0.451,0.149,0.463,Infiltration
95.081,TCP,ssh,2381,1270,3610,38.399,37.968,13,0.481,0.365,0.053,Brute Force
27.605,ICMP,https,3664,7084,1013,389.35,36.696,0,0.672,0.134,0.014,Benign
23.753,UDP,dns,2069,2308,4982,184.271,209.742,0,0.428,0.037,0.06,Benign
257.18,TCP,other,29199,10384,3214,153.912,12.497,1,0.436,0.461,0.279,Botnet
11.638,TCP,ftp,2014,4132,103,528.098,8.85,0,0.99,0.011,0.089,Benign
69.004,TCP,https,19124,28581,602,691.337,8.724,2,0.213,0.214,0.093,Web Attack
1.291,UDP,https,535,7811,4109,6464.756,3182.804,0,0.814,0.076,0.063,Benign
19.252,UDP,http,4444,5086,1669,495.014,86.692,0,0.979,0.013,0.008,Benign
17.634,UDP,ftp,581,2580,479,179.256,27.163,0,0.396,0.109,0.085,Benign
49.371,TCP,http,2303,21269,108,477.446,2.188,5,0.766,0.273,0.235,Web Attack
28.595,TCP,ftp,4324,4277,1044,300.787,36.51,0,0.8,0.108,0.017,Benign
94.857,ICMP,ssh,680,2844,4069,37.151,42.896,59,0.564,0.236,0.076,Brute Force
17.05,UDP,other,3052,1328,949,256.891,55.66,0,0.383,0.015,0.057,Benign
25.902,TCP,other,2043,416,294,94.935,11.35,0,0.642,0.057,0.015,Benign
34.13,ICMP,http,11044,17270,4687,829.593,137.328,3,0.498,0.325,0.13,Web Attack
6.773,TCP,https,4265,416,2317,691.127,342.094,1,0.819,0.01,0.047,Benign
13.757,TCP,ssh,3062,1683,1992,344.915,144.799,0,0.571,0.118,0.074,Benign
23.299,UDP,other,4517,6269,200,462.938,8.584,0,0.386,0.023,0.093,Benign
28.535,ICMP,http,51,6257,856,221.062,29.998,0,0.364,0.127,0.073,Benign
481.757,UDP,ftp,19661,94277,4262,236.505,8.847,4,0.53,0.151,0.515,Infiltration
19.339,UDP,ssh,1765,4240,3568,310.512,184.498,22,0.73,0.419,0.208,Brute Force
25.542,UDP,dns,3259,5780,1918,353.888,75.092,0,0.26,0.049,0.045,Benign
4.747,ICMP,http,1386,3722,1705,1076.048,359.174,0,0.562,0.061,0.054,Benign
4.813,TCP,http,2532,6809,2690,1940.785,558.903,0,0.319,0.09,0.022,Benign
15.452,UDP,ftp,2488,2171,3709,301.514,240.034,0,0.645,0.026,0.095,Benign
3.147,TCP,ftp,1185,1034,1075,705.116,341.595,0,0.359,0.125,0.098,Benign
28.133,ICMP,smtp,728,4810,533,196.851,18.946,0,0.358,0.138,0.007,Benign
27.162,TCP,http,2756,1043,4706,139.865,173.257,0,0.547,0.069,0.017,Benign
1.92,UDP,http,28961,353,2257,15267.708,1175.521,0,0.424,0.709,0.368,DoS
78.109,TCP,ssh,4226,2517,723,86.328,9.256,68,0.424,0.306,0.27,Brute Force
26.551,TCP,smtp,4347,2081,3138,242.1,118.188,0,0.826,0.12,0.079,Benign
14.592,ICMP,other,4673,4155,4896,604.989,335.526,0,0.375,0.041,0.003,Benign
98.952,UDP,ssh,7928,4437,825,124.96,8.337,50,0.398,0.483,0.45,Brute Force
23.758,ICMP,other,498,6299,3186,286.093,134.102,1,0.484,0.033,0.085,Benign
1.19,TCP,https,21840,1651,4851,19740.336,4076.471,0,0.223,0.882,0.176,DDoS
4.349,ICMP,ssh,1582,6894,2536,1948.954,583.123,1,0.34,0.132,0.049,Benign
18.09,TCP,https,203,4352,1073,251.797,59.315,0,0.473,0.05,0.061,Benign
0.755,UDP,http,4845,5812,2994,14115.232,3965.563,0,0.968,0.116,0.085,Benign
17.622,ICMP,ftp,2797,2512,3583,301.271,203.325,0,0.833,0.146,0.073,Benign
68.777,ICMP,dns,18914,23226,1441,612.705,20.952,2,0.503,0.284,0.315,Botnet
0.897,UDP,https,1117,1943,4653,3411.371,5187.291,0,0.226,0.866,0.25,DoS
19.225,ICMP,https,892,7713,2846,447.594,148.036,0,0.986,0.05,0.008,Benign
21.298,TCP,other,2790,3698,2876,304.63,135.036,0,0.405,0.031,0.069,Benign
11.64,TCP,http,3477,7978,2882,984.107,247.595,0,0.637,0.062,0.088,Benign
25.935,UDP,other,1887,1372,169,125.66,6.516,0,0.455,0.12,0.003,Benign
67.629,TCP,dns,12803,5772,767,274.66,11.341,0,0.47,0.478,0.454,Botnet
44.567,UDP,smtp,86673,22626,834,2452.465,18.713,9,0.465,0.589,0.171,Infiltration
290.433,UDP,smtp,96679,71795,790,580.079,2.72,4,0.24,0.463,0.234,Infiltration
1.73,UDP,https,71,3542,3939,2088.439,2276.879,0,0.36,0.124,0.063,Benign
8.825,TCP,smtp,711,3919,4011,524.646,454.504,0,0.916,0.046,0.04,Benign
11.687,ICMP,ssh,3079,7293,3607,887.482,308.634,0,0.572,0.028,0.004,Benign
1.943,UDP,ssh,832,742,4836,810.087,2488.935,0,0.382,0.121,0.041,Benign
15.725,UDP,other,4426,5668,3906,641.908,248.394,0,0.439,0.071,0.088,Benign
15.113,ICMP,http,4273,6597,3683,719.248,243.697,0,0.338,0.147,0.015,Benign
120.581,TCP,other,6593,56492,1216,523.175,10.085,1,0.867,0.644,0.296,Infiltration
2.104,ICMP,other,3219,4597,3758,3714.829,1786.122,0,0.934,0.049,0.028,Benign
17.669,ICMP,ssh,3477,961,825,251.174,46.692,0,0.94,0.022,0.059,Benign
8.654,TCP,other,4427,7250,3982,1349.318,460.134,0,0.658,0.062,0.038,Benign
12.149,TCP,dns,3330,357,408,303.482,33.583,0,0.797,0.132,0.069,Benign
27.691,UDP,http,10430,21378,1872,1148.676,67.603,2,0.308,0.303,0.265,Web Attack
418.137,UDP,other,36313,96525,3623,317.69,8.665,6,0.369,0.433,0.14,Infiltration
3.8,ICMP,ftp,57832,765,1307,15420.263,343.947,0,0.252,0.919,0.23,DDoS
23.437,UDP,https,4334,7243,1649,493.963,70.359,0,0.87,0.026,0.088,Benign
27.549,UDP,http,1671,2284,1019,143.562,36.989,0,0.745,0.07,0.04,Benign
13.438,UDP,ssh,3927,4847,2123,652.925,157.985,0,0.799,0.052,0.084,Benign
11.658,UDP,http,1374,7034,1849,721.221,158.604,0,0.742,0.145,0.086,Benign
0.7,UDP,ssh,112,3923,74,5764.286,105.714,0,0.379,0.097,0.06,Benign
29.014,UDP,smtp,2295,3511,1792,200.11,61.763,0,0.573,0.128,0.046,Benign
17.576,ICMP,ftp,100,4230,4604,246.359,261.948,1,0.718,0.145,0.084,Benign
3.332,UDP,smtp,562,2794,2144,1007.203,643.457,1,0.725,0.096,0.086,Benign
72.741,ICMP,dns,17450,25583,4920,591.592,67.637,1,0.523,0.69,0.412,Botnet
0.861,TCP,smtp,4114,2461,294,7636.469,341.463,0,0.666,0.063,0.039,Benign
371.478,TCP,dns,30145,90957,2941,326.0,7.917,8,0.606,0.451,0.314,Infiltration
0.914,ICMP,ssh,7396,964,4584,9146.608,5015.317,0,0.81,0.608,0.141,DDoS
19.668,ICMP,dns,1860,2950,2719,244.56,138.245,0,0.497,0.131,0.042,Benign
3.622,UDP,other,479,7137,3873,2102.706,1069.299,0,0.912,0.087,0.062,Benign
15.942,ICMP,ftp,3424,482,2812,245.013,176.389,0,0.527,0.023,0.099,Benign
9.56,UDP,https,1517,6421,2572,830.335,269.038,0,0.708,0.05,0.099,Benign
22.86,UDP,https,1421,4760,726,270.385,31.759,0,0.304,0.073,0.076,Benign
12.928,UDP,ftp,3950,3180,120,551.516,9.282,0,0.914,0.08,0.073,Benign
0.099,ICMP,https,1270,1283,2825,25787.879,28535.354,0,0.45,0.88,0.129,DoS
9.253,ICMP,ssh,574,6788,4267,795.634,461.148,0,0.677,0.142,0.046,Benign
10.348,ICMP,https,4055,2982,3309,680.035,319.772,0,0.215,0.025,0.091,Benign
22.049,TCP,https,4870,4173,311,410.132,14.105,0,0.5,0.055,0.065,Benign
1.553,ICMP,ssh,432,5462,953,3795.235,613.651,0,0.533,0.125,0.005,Benign
14.284,ICMP,dns,1294,1723,832,211.215,58.247,0,0.73,0.095,0.03,Benign
4.201,ICMP,smtp,899,4230,875,1220.9,208.284,0,0.598,0.018,0.011,Benign
15.742,UDP,other,1692,2972,4071,296.277,258.608,0,0.928,0.044,0.004,Benign
7.112,UDP,dns,144,5542,4052,799.494,569.741,0,0.319,0.017,0.057,Benign
21.735,ICMP,http,869,7451,2430,382.793,111.801,0,0.411,0.035,0.099,Benign
1.279,TCP,other,2420,2990,783,4229.867,612.197,0,0.881,0.047,0.074,Benign
25.223,TCP,ftp,2993,2792,766,229.354,30.369,50,0.498,0.547,0.432,Brute Force
12.067,TCP,ftp,3779,2266,3459,500.953,286.65,0,0.719,0.103,0.048,Benign
3.484,TCP,https,4843,1930,4844,1944.03,1390.356,0,0.586,0.93,0.086,DDoS
18.379,UDP,https,2977,5048,1075,436.64,58.491,0,0.586,0.103,0.084,Benign
1.475,UDP,ftp,2183,5405,4728,5144.407,3205.424,0,0.779,0.106,0.068,Benign
10.215,ICMP,other,4325,5678,2041,979.246,199.804,0,0.586,0.014,0.066,Benign
4.545,ICMP,ftp,4613,7347,1290,2631.463,283.828,1,0.604,0.008,0.064,Benign
5.046,UDP,other,4067,2666,1829,1334.324,362.465,0,0.64,0.146,0.005,Benign
13.827,TCP,http,4734,3710,4079,610.689,295.003,0,0.796,0.075,0.032,Benign
1.171,UDP,ftp,4538,41,2500,3910.333,2134.927,0,0.912,0.119,0.096,Benign
13.741,ICMP,smtp,2832,3016,2724,425.588,198.239,0,0.648,0.122,0.084,Benign
19.749,UDP,smtp,3747,974,2914,239.05,147.552,0,0.864,0.099,0.0,Benign
166.156,UDP,ssh,23506,3983,3357,165.441,20.204,0,0.286,0.688,0.272,Botnet
27.913,TCP,http,3258,1806,887,181.421,31.777,0,0.806,0.117,0.072,Benign
20.197,ICMP,other,1049,6365,4135,367.084,204.733,0,0.308,0.069,0.059,Benign
1.552,ICMP,smtp,3585,6911,1456,6762.887,938.144,0,0.753,0.139,0.078,Benign
11.683,TCP,http,4959,5005,4993,852.863,427.373,0,0.933,0.076,0.038,Benign
4.818,UDP,ftp,20278,927,4940,4401.204,1025.322,0,0.76,0.912,0.098,DoS
3.51,UDP,other,57407,642,1785,16538.177,508.547,0,0.361,0.87,0.377,DoS
10.424,UDP,smtp,1126,5859,2645,670.088,253.741,0,0.768,0.144,0.05,Benign
2.918,ICMP,ftp,44722,1454,4378,15824.537,1500.343,0,0.429,0.738,0.312,DoS
0.541,TCP,ssh,25960,297,2192,48534.196,4051.756,0,0.8,0.574,0.07,DDoS
7.592,UDP,smtp,548,5697,2943,822.576,387.645,0,0.851,0.031,0.054,Benign
16.9,ICMP,smtp,1877,6121,2361,473.254,139.704,0,0.754,0.058,0.051,Benign
12.555,UDP,ftp,2601,7952,3634,840.542,289.446,0,0.864,0.002,0.025,Benign
52.163,ICMP,http,19780,36822,2414,1085.099,46.278,5,0.559,0.231,0.244,Web Attack
482.363,TCP,https,97348,68350,4564,343.513,9.462,1,0.411,0.307,0.293,Infiltration
9.984,UDP,http,1308,367,2472,167.768,247.596,0,0.592,0.048,0.005,Benign
23.543,UDP,http,2643,4344,4143,296.776,175.976,0,0.327,0.028,0.007,Benign
10.547,UDP,http,1787,5474,4350,688.442,412.44,0,0.58,0.054,0.022,Benign
3.53,ICMP,http,2874,3690,2002,1859.49,567.139,0,0.967,0.096,0.092,Benign
27.486,UDP,ftp,968,3201,4239,151.677,154.224,0,0.858,0.109,0.002,Benign
14.655,ICMP,ftp,2468,7398,791,673.217,53.975,0,0.334,0.048,0.008,Benign
22.053,ICMP,ssh,2645,7406,856,455.766,38.816,1,0.364,0.669,0.241,Botnet
2.182,ICMP,other,54526,1924,199,25870.761,91.201,0,0.567,0.582,0.29,DDoS
1.723,TCP,http,2103,4611,3344,3896.692,1940.801,0,0.51,0.123,0.091,Benign
0.605,UDP,dns,1009,4421,4802,8975.207,7937.19,0,0.236,0.108,0.006,Benign
0.54,UDP,ssh,52569,1404,3590,99950.0,6648.148,0,0.505,0.686,0.08,DDoS
0.79,TCP,ftp,15409,279,4475,19858.228,5664.557,0,0.436,0.886,0.329,DDoS
26.621,UDP,smtp,3096,7882,1014,412.381,38.09,0,0.233,0.083,0.056,Benign
16.471,UDP,ssh,737,2536,1739,198.713,105.58,0,0.53,0.111,0.073,Benign
4.913,ICMP,https,1848,5093,4652,1412.782,946.876,0,0.882,0.029,0.018,Benign
80.914,ICMP,ftp,1398,2481,2715,47.94,33.554,13,0.486,0.225,0.129,Brute Force
8.626,TCP,http,611,7413,2509,930.211,290.865,0,0.755,0.073,0.033,Benign
24.25,ICMP,dns,3548,1421,3577,204.907,147.505,0,0.421,0.037,0.022,Benign
10.014,ICMP,smtp,3971,3831,896,779.109,89.475,0,0.341,0.116,0.049,Benign
24.811,UDP,other,4452,1649,622,245.899,25.07,0,0.914,0.133,0.008,Benign
4.065,ICMP,http,38938,829,305,9782.78,75.031,0,0.641,0.896,0.124,DDoS
19.652,ICMP,ftp,1257,3036,2388,218.451,121.514,0,0.307,0.134,0.059,Benign
10.98,TCP,ftp,126,5468,1363,509.472,124.135,0,0.806,0.145,0.098,Benign
17.034,TCP,https,4675,5441,2944,593.871,172.831,0,0.232,0.022,0.073,Benign
1.329,TCP,http,16336,87,2964,12357.412,2230.248,0,0.51,0.851,0.231,DoS
78.467,TCP,https,11119,7764,2162,240.649,27.553,5,0.663,0.341,0.208,Web Attack
11.418,UDP,smtp,4854,5392,1830,897.355,160.273,0,0.613,0.012,0.025,Benign
23.8,UDP,ftp,4989,94,636,213.571,26.723,0,0.612,0.021,0.017,Benign
4.805,TCP,https,4971,5916,2710,2265.765,563.996,0,0.776,0.099,0.041,Benign
6.4,UDP,ftp,1360,5342,4703,1047.188,734.844,0,0.674,0.003,0.004,Benign
26.735,ICMP,http,1243,498,3326,65.121,124.406,0,0.679,0.138,0.052,Benign
21.866,TCP,smtp,2362,7799,3950,464.694,180.646,0,0.336,0.067,0.099,Benign
3.975,ICMP,https,54769,1571,2171,14173.585,546.164,0,0.334,0.632,0.281,DDoS
17.759,UDP,ssh,1922,3138,4136,284.926,232.896,0,0.747,0.016,0.02,Benign
0.895,ICMP,http,41288,1228,4128,47503.911,4612.291,0,0.802,0.568,0.324,DDoS
27.069,ICMP,https,4457,6819,3539,416.565,130.74,0,0.618,0.141,0.068,Benign
15.942,TCP,smtp,1919,7727,4830,605.068,302.973,0,0.844,0.118,0.038,Benign
8.72,ICMP,http,4887,17680,2325,2587.959,266.628,3,0.679,0.28,0.278,Web Attack
0.264,UDP,https,98,4774,1687,18454.545,6390.152,0,0.75,0.078,0.038,Benign
4.728,UDP,http,4835,2117,2262,1470.389,478.426,0,0.993,0.08,0.056,Benign
16.608,TCP,ftp,4607,3992,2517,517.763,151.553,0,0.662,0.084,0.048,Benign
0.699,UDP,smtp,57611,1350,1330,84350.501,1902.718,0,0.28,0.604,0.13,DoS
16.562,UDP,other,466,1356,1195,110.011,72.153,0,0.577,0.095,0.08,Benign
7.966,TCP,http,3077,695,3287,473.512,412.629,0,0.691,0.109,0.093,Benign
1.818,ICMP,ssh,1475,5285,4249,3718.372,2337.184,0,0.429,0.002,0.085,Benign
15.523,ICMP,ssh,1937,5079,7,451.974,0.451,0,0.981,0.005,0.024,Benign
12.043,UDP,other,3277,3361,567,551.192,47.081,0,0.935,0.078,0.074,Benign
16.818,ICMP,other,4815,2891,1598,458.2,95.017,0,0.564,0.122,0.023,Benign
5.334,TCP,dns,4187,912,963,955.943,180.54,0,0.842,0.075,0.034,Benign
242.149,ICMP,other,8696,23247,1997,131.915,8.247,3,0.806,0.73,0.303,Botnet
149.002,UDP,smtp,19729,28746,3139,325.331,21.067,0,0.707,0.439,0.166,Botnet
138.067,ICMP,smtp,42383,55057,2162,705.744,15.659,5,0.399,0.384,0.104,Infiltration
24.65,ICMP,smtp,662,4582,4704,212.738,190.832,0,0.415,0.071,0.035,Benign
159.72,ICMP,https,7042,8195,1666,95.398,10.431,1,0.868,0.674,0.143,Botnet
3.897,UDP,https,8856,1884,4040,2755.966,1036.695,0,0.691,0.585,0.385,DDoS
4.242,ICMP,http,25326,1271,4711,6269.92,1110.561,0,0.895,0.692,0.364,DoS
11.997,ICMP,dns,4764,1090,4434,487.955,369.592,0,0.226,0.12,0.048,Benign
5.327,ICMP,other,1026,5760,1731,1273.888,324.948,0,0.504,0.047,0.001,Benign
25.869,UDP,ssh,1573,4533,2815,236.035,108.818,0,0.493,0.04,0.096,Benign
21.051,TCP,ftp,3089,3030,1079,290.675,51.256,0,0.983,0.042,0.018,Benign
8.171,TCP,smtp,1971,4589,1230,802.839,150.532,0,0.578,0.057,0.015,Benign
4.121,UDP,ftp,4275,4414,4610,2108.469,1118.661,0,0.887,0.118,0.03,Benign
4.984,TCP,smtp,1805,6706,2746,1707.665,550.963,0,0.408,0.126,0.01,Benign
7.806,ICMP,other,202,3413,1634,463.105,209.326,0,0.661,0.13,0.096,Benign
29.383,ICMP,https,2371,2949,3666,181.057,124.766,0,0.912,0.077,0.077,Benign
18.988,UDP,ftp,1226,7152,4687,441.226,246.84,0,0.524,0.121,0.034,Benign
28.146,TCP,https,10772,21766,2227,1156.043,79.123,5,0.91,0.137,0.117,Web Attack
2.939,UDP,smtp,30510,847,1029,10669.275,350.119,0,0.782,0.625,0.349,DoS
22.517,ICMP,smtp,1765,1407,3881,140.871,172.359,0,0.639,0.014,0.094,Benign
22.973,UDP,ssh,721,891,3198,70.169,139.207,0,0.447,0.023,0.065,Benign
18.832,UDP,ftp,1115,4355,2669,290.463,141.727,0,0.891,0.004,0.066,Benign
16.502,ICMP,dns,1146,7982,3745,553.145,226.942,0,0.705,0.081,0.059,Benign
15.751,ICMP,ftp,4412,2576,738,443.654,46.854,0,0.553,0.072,0.023,Benign
9.177,UDP,https,40,4327,3848,475.864,419.309,0,0.628,0.127,0.034,Benign
14.364,UDP,other,114,6314,64,447.508,4.456,0,0.639,0.044,0.023,Benign
11.903,ICMP,ftp,1377,5896,2159,611.022,181.383,0,0.263,0.058,0.038,Benign
24.019,ICMP,other,2267,2372,1545,193.139,64.324,0,0.883,0.08,0.027,Benign
19.143,UDP,http,3749,2269,1251,314.371,65.35,0,0.24,0.074,0.032,Benign
8.535,TCP,http,1064,5898,125,815.7,14.646,0,0.595,0.001,0.009,Benign
24.004,UDP,other,3082,3838,1201,288.285,50.033,0,0.245,0.005,0.008,Benign
2.356,TCP,ssh,13595,1834,108,6548.812,45.84,0,0.298,0.929,0.336,DoS
3.858,TCP,ftp,30029,506,3780,7914.723,979.782,0,0.788,0.882,0.062,DoS
14.237,ICMP,https,2596,7709,4507,723.818,316.57,0,0.617,0.094,0.004,Benign
6.042,ICMP,dns,466,7115,3561,1254.717,589.374,0,0.46,0.146,0.024,Benign
3.678,UDP,ssh,2031,113,4889,582.926,1329.255,1,0.324,0.087,0.069,Benign
2.505,TCP,https,45954,1266,496,18850.299,198.004,0,0.248,0.702,0.389,DoS
23.765,ICMP,ssh,1070,4036,2850,214.854,119.924,0,0.844,0.147,0.079,Benign
20.709,TCP,http,2974,5974,3589,432.083,173.306,0,0.647,0.135,0.049,Benign
17.044,UDP,https,4493,2888,4909,433.056,288.019,0,0.932,0.07,0.087,Benign
4.735,TCP,ssh,2462,6752,4149,1945.935,876.241,0,0.503,0.055,0.0,Benign
25.719,TCP,ssh,1996,2667,3179,181.306,123.605,0,0.352,0.099,0.054,Benign
18.43,ICMP,https,2682,3397,551,329.843,29.897,0,0.235,0.017,0.052,Benign
3.471,TCP,https,4007,32809,4018,10606.742,1157.591,1,0.621,0.08,0.193,Web Attack
11.054,UDP,http,620,147,660,69.387,59.707,0,0.574,0.031,0.049,Benign
22.33,UDP,ssh,3447,6774,2182,457.725,97.716,0,0.623,0.106,0.082,Benign
4.724,UDP,http,35044,198,3161,7460.203,669.136,0,0.352,0.596,0.131,DoS
18.797,TCP,ssh,1505,4614,4728,325.531,251.529,0,0.486,0.062,0.011,Benign
26.496,ICMP,ftp,1406,6531,1300,299.555,49.064,0,0.627,0.06,0.034,Benign
16.547,UDP,dns,2699,6961,2654,583.792,160.392,0,0.687,0.115,0.043,Benign
22.995,TCP,ftp,2121,2989,288,222.222,12.524,1,0.986,0.067,0.04,Benign
29.803,ICMP,https,2512,93,182,87.407,6.107,0,0.817,0.033,0.086,Benign
163.156,UDP,ssh,19199,19230,1283,235.535,7.864,1,0.311,0.207,0.257,Botnet
7.067,ICMP,https,2500,792,637,465.827,90.137,0,0.779,0.085,0.022,Benign
4.13,TCP,ftp,46193,1439,4881,11533.172,1181.84,0,0.714,0.809,0.368,DDoS
2.446,ICMP,ftp,498,7591,3417,3307.032,1396.975,0,0.944,0.052,0.082,Benign
19.618,TCP,smtp,4974,7647,2501,643.338,127.485,0,0.62,0.117,0.038,Benign
9.872,ICMP,https,1848,1294,3655,318.274,370.239,0,0.802,0.11,0.039,Benign
13.015,TCP,https,3270,1252,408,347.445,31.348,0,0.639,0.012,0.057,Benign
13.091,UDP,ssh,1108,6282,4685,564.51,357.879,0,0.357,0.084,0.049,Benign
7.463,ICMP,ssh,626,2221,738,381.482,98.888,0,0.29,0.049,0.092,Benign
5.796,UDP,dns,2862,4905,2869,1340.062,494.997,0,0.693,0.115,0.017,Benign
98.535,UDP,ssh,6882,108239,707,1168.326,7.175,3,0.29,0.21,0.268,Infiltration
26.076,ICMP,https,2396,152,3864,97.714,148.182,0,0.218,0.121,0.031,Benign
6.194,ICMP,https,4326,6186,1162,1697.126,187.601,0,0.756,0.072,0.073,Benign
27.191,UDP,ssh,4355,396,2227,174.727,81.902,0,0.242,0.009,0.02,Benign
11.72,TCP,http,2262,5471,161,659.812,13.737,0,0.434,0.099,0.086,Benign
117.777,UDP,ssh,8531,915,1532,80.202,13.008,45,0.359,0.342,0.289,Brute Force
26.017,ICMP,smtp,8606,17847,1291,1016.758,49.621,2,0.215,0.35,0.227,Botnet
9.14,UDP,smtp,4146,2299,246,705.142,26.915,0,0.955,0.094,0.088,Benign
115.7,TCP,https,13372,22026,1868,305.946,16.145,1,0.534,0.203,0.222,Botnet
27.301,UDP,dns,2737,3719,4439,236.475,162.595,0,0.747,0.031,0.014,Benign
20.687,TCP,dns,4331,7491,1194,571.47,57.717,0,0.725,0.149,0.098,Benign
2.128,TCP,dns,4406,7810,1197,5740.602,562.5,0,0.782,0.028,0.084,Benign
1.524,UDP,ftp,49864,1912,2247,33973.753,1474.409,0,0.322,0.92,0.273,DoS
0.883,TCP,https,2226,5001,218,8184.598,246.886,0,0.487,0.035,0.023,Benign
15.12,UDP,https,4993,3880,4030,586.839,266.534,0,0.579,0.056,0.085,Benign
12.317,TCP,http,162,7621,1666,631.891,135.26,0,0.806,0.062,0.074,Benign
18.55,UDP,other,2701,7140,347,530.512,18.706,0,0.686,0.037,0.04,Benign
1.977,ICMP,dns,49658,1171,320,25710.167,161.861,0,0.617,0.817,0.234,DDoS
15.609,TCP,https,3280,6062,408,598.501,26.139,0,0.352,0.058,0.077,Benign
24.846,UDP,other,3819,1403,4240,210.175,170.651,0,0.923,0.092,0.005,Benign
2.804,ICMP,ftp,4141,967,4481,1821.683,1598.074,0,0.308,0.088,0.089,Benign
5.448,UDP,http,4875,7385,2053,2250.367,376.836,0,0.459,0.03,0.045,Benign
5.003,ICMP,other,1052,787,4296,367.579,858.685,0,0.766,0.067,0.036,Benign
4.749,ICMP,ssh,25817,1127,2750,5673.615,579.069,0,0.652,0.721,0.319,DoS
26.078,TCP,https,1505,6340,3660,300.828,140.348,0,0.431,0.063,0.031,Benign
0.206,TCP,https,2113,140,52,10936.893,252.427,0,0.686,0.128,0.054,Benign
19.818,TCP,ssh,3757,3399,4488,361.086,226.461,0,0.422,0.09,0.001,Benign
5.627,TCP,http,491,5391,4740,1045.317,842.367,0,0.87,0.022,0.003,Benign
3.356,TCP,http,1500,1361,4878,852.503,1453.516,0,0.658,0.092,0.069,Benign
17.411,UDP,smtp,333,802,559,65.189,32.106,0,0.807,0.048,0.09,Benign
2.359,TCP,dns,8996,1422,3394,4416.278,1438.745,0,0.62,0.937,0.165,DDoS
3.368,ICMP,http,4373,758,2357,1523.456,699.822,0,0.542,0.103,0.093,Benign
2.88,UDP,ssh,41844,724,4071,14780.556,1413.542,0,0.616,0.967,0.265,DDoS
5.479,UDP,other,1946,5844,3813,1421.792,695.93,0,0.7,0.029,0.012,Benign
18.498,TCP,other,3436,3431,1744,371.229,94.28,0,0.209,0.052,0.081,Benign
23.727,UDP,dns,2561,2499,2735,213.259,115.27,0,0.473,0.049,0.001,Benign
4.162,ICMP,http,13715,676,3929,3457.713,944.017,0,0.933,0.925,0.373,DoS
2.413,ICMP,https,42104,943,2750,17839.619,1139.66,0,0.57,0.951,0.238,DDoS
4.177,ICMP,http,20617,1157,4394,5212.832,1051.951,0,0.215,0.876,0.16,DDoS
27.494,UDP,other,2936,582,3078,127.955,111.952,1,0.701,0.042,0.003,Benign
1.954,ICMP,ssh,40006,239,2581,20596.213,1320.88,0,0.768,0.939,0.313,DDoS
26.324,TCP,ftp,3084,3742,1438,259.307,54.627,0,0.29,0.045,0.053,Benign
2.224,TCP,http,2634,1636,1563,1919.964,702.788,0,0.472,0.767,0.225,DoS
23.288,ICMP,dns,1213,6343,1092,324.459,46.891,0,0.364,0.123,0.094,Benign
25.958,UDP,smtp,988,73,718,40.874,27.66,0,0.467,0.007,0.085,Benign
94.28,TCP,ssh,5319,284,2633,59.429,27.927,78,0.36,0.479,0.306,Brute Force
23.206,ICMP,dns,1003,2273,4589,141.17,197.751,0,0.611,0.041,0.002,Benign
9.623,UDP,ssh,1199,7767,588,931.726,61.104,0,0.449,0.042,0.024,Benign
15.58,ICMP,ftp,675,3956,3215,297.24,206.354,11,0.343,0.153,0.072,Brute Force
25.102,ICMP,smtp,3692,5088,4375,349.773,174.289,0,0.263,0.05,0.02,Benign
11.412,UDP,https,15844,7374,3859,2034.525,338.153,3,0.385,0.143,0.211,Web Attack
27.395,ICMP,dns,3251,1542,2665,174.959,97.281,0,0.563,0.1,0.079,Benign
10.608,UDP,http,3818,6968,1048,1016.78,98.793,0,0.606,0.115,0.06,Benign
3.299,ICMP,other,4595,5360,4842,3017.581,1467.717,0,0.531,0.045,0.046,Benign
29.219,ICMP,https,3184,581,3571,128.855,122.215,0,0.654,0.122,0.059,Benign
5.275,ICMP,https,678,6096,4856,1284.171,920.569,0,0.677,0.086,0.049,Benign
13.412,TCP,other,2563,7870,4890,777.885,364.599,0,0.817,0.09,0.069,Benign
19.839,UDP,smtp,781,1822,6,131.206,0.302,0,0.806,0.133,0.09,Benign
8.816,UDP,ssh,4774,3703,4676,961.547,530.399,0,0.835,0.102,0.032,Benign
29.479,UDP,smtp,2860,771,1049,123.172,35.585,0,0.882,0.092,0.051,Benign
0.125,ICMP,http,4627,6763,260,91120.0,2080.0,1,0.388,0.016,0.028,Benign
9.612,UDP,smtp,3175,3366,3895,680.504,405.223,0,0.311,0.082,0.066,Benign
12.575,UDP,other,2403,7189,133,762.783,10.577,0,0.315,0.02,0.007,Benign
117.247,ICMP,ftp,2424,793,4956,27.438,42.27,22,0.944,0.421,0.216,Brute Force
12.781,UDP,ssh,3726,3191,4739,541.194,370.785,0,0.599,0.028,0.06,Benign
1.354,ICMP,ssh,36793,1180,4659,28045.052,3440.916,0,0.587,0.715,0.392,DoS
28.856,ICMP,ftp,695,1203,2294,65.775,79.498,0,0.572,0.079,0.086,Benign
7.432,ICMP,http,679,5643,437,850.646,58.8,0,0.923,0.12,0.031,Benign
13.676,TCP,ftp,3883,4741,2418,630.594,176.806,0,0.431,0.063,0.096,Benign
9.192,ICMP,smtp,4657,2173,427,743.037,46.453,0,0.725,0.071,0.017,Benign
0.916,ICMP,ssh,4011,715,2069,5159.389,2258.734,0,0.306,0.012,0.078,Benign
22.269,UDP,http,4986,1470,3034,289.91,136.243,0,0.846,0.111,0.066,Benign
14.599,ICMP,https,4360,7101,4883,785.054,334.475,0,0.947,0.148,0.097,Benign
29.808,UDP,other,3178,1989,4737,173.343,158.917,0,0.787,0.109,0.017,Benign
22.689,ICMP,dns,990,470,4367,64.348,192.472,0,0.387,0.06,0.03,Benign
7.952,UDP,ftp,4385,7169,3134,1452.968,394.115,0,0.743,0.043,0.08,Benign
47.262,ICMP,http,17909,21387,2238,831.45,47.353,2,0.468,0.724,0.244,Botnet
19.665,TCP,dns,3244,3817,4827,359.064,245.461,0,0.816,0.112,0.073,Benign
29.797,ICMP,smtp,2606,4526,3373,239.353,113.199,0,0.278,0.001,0.007,Benign
6.661,UDP,dns,2360,2103,4872,670.02,731.422,0,0.725,0.004,0.009,Benign
0.618,ICMP,smtp,8862,176,4642,14624.595,7511.327,0,0.843,0.935,0.095,DDoS
5.609,TCP,smtp,2453,3865,2269,1126.404,404.528,0,0.815,0.011,0.045,Benign
23.127,ICMP,other,2148,1366,3188,151.944,137.848,0,0.466,0.042,0.006,Benign
13.273,UDP,https,4068,7646,893,882.544,67.279,0,0.315,0.059,0.065,Benign
3.22,TCP,ssh,29939,1465,581,9752.795,180.435,0,0.657,0.667,0.062,DoS
26.906,UDP,http,1259,5388,2187,247.045,81.283,0,0.321,0.14,0.066,Benign
0.211,UDP,ssh,4059,3956,579,37985.782,2744.076,0,0.632,0.127,0.078,Benign
23.417,ICMP,other,1032,4686,2485,244.182,106.119,0,0.52,0.149,0.033,Benign
11.024,ICMP,http,2825,699,1668,319.666,151.306,0,0.341,0.114,0.029,Benign
5.811,UDP,smtp,3235,7383,3592,1827.224,618.138,0,0.788,0.103,0.049,Benign
21.62,TCP,http,4897,1993,2525,318.686,116.79,0,0.6,0.009,0.054,Benign
30.372,UDP,http,2336,11566,4290,457.724,141.249,0,0.567,0.393,0.145,Botnet
22.257,ICMP,https,1948,7616,161,429.708,7.234,0,0.577,0.11,0.049,Benign
56.402,TCP,http,4777,1941,3742,119.109,66.345,1,0.689,0.24,0.276,Web Attack
4.089,TCP,other,8482,1018,521,2323.306,127.415,0,0.844,0.818,0.265,DDoS
12.12,ICMP,smtp,1029,5644,1751,550.578,144.472,0,0.811,0.021,0.084,Benign
3.71,UDP,http,1197,6245,3598,2005.93,969.811,0,0.395,0.104,0.055,Benign
23.752,TCP,http,3121,6410,64,401.271,2.695,0,0.344,0.132,0.008,Benign
26.619,ICMP,ssh,3449,5721,1693,344.491,63.601,0,0.314,0.116,0.069,Benign
7.254,UDP,ftp,1469,5041,726,897.436,100.083,0,0.702,0.089,0.072,Benign
0.033,UDP,ftp,16442,393,788,510151.515,23878.788,0,0.695,0.603,0.236,DoS
34.12,ICMP,ftp,3609,2364,4080,175.059,119.578,11,0.341,0.197,0.369,Brute Force
19.381,TCP,http,2375,1756,3717,213.147,191.786,0,0.235,0.05,0.081,Benign
0.799,ICMP,https,2904,993,1932,4877.347,2418.023,0,0.777,0.782,0.075,DoS
6.043,UDP,ftp,2708,1924,3384,766.507,559.987,0,0.896,0.049,0.01,Benign
14.183,TCP,http,4008,485,3732,316.788,263.132,0,0.342,0.022,0.093,Benign
5.905,UDP,smtp,2977,2249,493,885.013,83.489,0,0.424,0.019,0.069,Benign
12.605,UDP,ftp,2854,1841,1397,372.471,110.829,0,0.662,0.091,0.079,Benign
12.41,TCP,http,4314,4047,3795,673.731,305.802,0,0.423,0.032,0.047,Benign
1.241,ICMP,other,22449,889,4852,18805.802,3909.75,0,0.957,0.811,0.362,DoS
78.435,TCP,https,1812,31844,3931,429.094,50.118,5,0.848,0.281,0.058,Web Attack
14.909,TCP,ftp,720,4615,1790,357.838,120.062,0,0.306,0.104,0.041,Benign
0.576,ICMP,http,2537,1365,204,6774.306,354.167,0,0.981,0.129,0.075,Benign
21.124,TCP,other,1555,6510,16,381.793,0.757,0,0.888,0.094,0.07,Benign
15.975,ICMP,dns,2469,3528,4717,375.399,295.274,0,0.836,0.105,0.061,Benign
4.405,TCP,ssh,49218,1909,2986,11606.583,677.866,0,0.91,0.575,0.381,DoS
18.612,UDP,ftp,3034,3041,1682,326.402,90.372,0,0.311,0.084,0.007,Benign
19.506,ICMP,http,4792,7176,1851,613.555,94.894,1,0.456,0.031,0.075,Benign
56.522,ICMP,ssh,1092,619,3856,30.271,68.221,52,0.768,0.273,0.244,Brute Force
13.614,ICMP,dns,3055,6592,542,708.609,39.812,0,0.351,0.104,0.098,Benign
52.975,TCP,ssh,3129,2462,4070,105.54,76.829,14,0.32,0.155,0.16,Brute Force
8.866,ICMP,http,4475,7672,180,1370.065,20.302,0,0.433,0.052,0.044,Benign
28.429,TCP,other,2791,3412,3987,218.193,140.244,0,0.675,0.098,0.079,Benign
13.794,ICMP,ftp,4686,1120,1862,420.908,134.986,0,0.587,0.046,0.079,Benign
195.967,TCP,https,60759,22805,2341,426.419,11.946,9,0.346,0.608,0.42,Infiltration
27.151,ICMP,smtp,1297,1360,1041,97.86,38.341,0,0.553,0.006,0.032,Benign
21.243,TCP,ssh,2636,2856,4376,258.532,205.997,0,0.441,0.067,0.098,Benign
61.713,UDP,https,15509,21985,2426,607.554,39.311,1,0.579,0.051,0.235,Web Attack
4.498,ICMP,smtp,4670,6008,3928,2373.944,873.277,0,0.92,0.066,0.069,Benign
9.312,ICMP,http,3330,5098,455,905.069,48.862,0,0.687,0.067,0.009,Benign
23.46,ICMP,https,2316,1643,720,168.755,30.691,0,0.981,0.081,0.045,Benign
18.135,UDP,dns,4230,7768,3508,661.594,193.438,0,0.496,0.1,0.04,Benign
10.606,UDP,dns,3690,7202,3409,1026.966,321.422,0,0.843,0.032,0.089,Benign
21.885,ICMP,ftp,3433,1183,2489,210.921,113.731,0,0.58,0.09,0.014,Benign
112.647,UDP,ftp,9877,3178,3400,115.893,30.183,16,0.34,0.103,0.306,Brute Force
27.455,ICMP,other,1672,1563,2478,117.829,90.257,0,0.868,0.043,0.049,Benign
13.957,ICMP,smtp,259,6521,3876,485.778,277.71,0,0.299,0.039,0.096,Benign
5.463,UDP,ftp,2044,273,551,424.126,100.86,0,0.679,0.042,0.099,Benign
13.138,UDP,ssh,2152,5184,3062,558.38,233.064,0,0.61,0.146,0.082,Benign
17.491,UDP,https,1237,2658,438,222.686,25.041,0,0.418,0.104,0.036,Benign
8.767,UDP,http,4378,5274,1506,1100.947,171.781,0,0.812,0.077,0.077,Benign
9.746,TCP,ssh,2630,6813,2974,968.91,305.151,0,0.277,0.12,0.027,Benign
4.195,TCP,http,2345,3095,1340,1296.782,319.428,0,0.282,0.062,0.092,Benign
5.734,TCP,other,4616,5065,4519,1688.35,788.106,0,0.762,0.143,0.085,Benign
4.581,UDP,ftp,8639,1676,2857,2251.692,623.663,0,0.449,0.609,0.056,DDoS
15.741,UDP,ssh,2842,1450,1826,272.664,116.003,0,0.303,0.004,0.081,Benign
9.292,ICMP,https,1759,1106,920,308.33,99.01,1,0.262,0.064,0.076,Benign
0.99,UDP,http,3149,1624,3847,4821.212,3885.859,0,0.295,0.847,0.258,DoS
20.061,TCP,dns,830,6449,1643,362.843,81.9,0,0.348,0.09,0.059,Benign
25.391,TCP,https,2312,7812,1986,398.724,78.217,0,0.604,0.053,0.086,Benign
0.518,ICMP,other,1817,5903,4405,14903.475,8503.861,0,0.203,0.042,0.09,Benign
4.258,TCP,ssh,32110,750,884,7717.238,207.609,0,0.345,0.864,0.115,DoS
6.507,UDP,ftp,1904,3378,908,811.741,139.542,0,0.616,0.148,0.012,Benign
8.719,UDP,smtp,372,713,4923,124.441,564.629,0,0.789,0.017,0.028,Benign
16.662,UDP,https,2420,7047,3901,568.179,234.126,0,0.951,0.129,0.089,Benign
14.8,TCP,smtp,901,3287,1179,282.973,79.662,0,0.516,0.099,0.009,Benign
27.766,TCP,smtp,1422,570,3316,71.742,119.427,0,0.298,0.03,0.02,Benign
1.4,ICMP,ftp,47759,1568,3283,35233.571,2345.0,0,0.485,0.812,0.146,DDoS
15.391,UDP,ftp,1247,6331,1895,492.366,123.124,0,0.703,0.018,0.049,Benign
1.68,TCP,smtp,598,4120,2683,2808.333,1597.024,0,0.322,0.146,0.038,Benign
2.388,TCP,other,4299,6327,4083,4449.749,1709.799,0,0.592,0.07,0.029,Benign
25.804,UDP,other,4517,184,980,182.181,37.979,1,0.507,0.005,0.043,Benign
13.844,UDP,ftp,309,1488,1349,129.804,97.443,0,0.593,0.129,0.03,Benign
14.675,ICMP,ftp,936,4700,4692,384.055,319.727,0,0.576,0.099,0.069,Benign
1.767,TCP,ssh,2197,4092,2335,3559.14,1321.449,0,0.456,0.057,0.068,Benign
25.124,TCP,https,2897,6671,2800,380.831,111.447,0,0.504,0.004,0.089,Benign
10.603,UDP,ftp,2040,2068,541,387.438,51.023,0,0.895,0.047,0.008,Benign
16.199,TCP,http,346,3815,3455,256.868,213.285,0,0.413,0.063,0.051,Benign
29.574,ICMP,http,3134,4712,824,265.301,27.862,0,0.753,0.086,0.081,Benign
24.363,UDP,ssh,2821,1405,4076,173.46,167.303,0,0.708,0.055,0.044,Benign
429.657,TCP,other,29059,38664,3298,157.621,7.676,4,0.844,0.126,0.548,Infiltration
25.341,TCP,smtp,816,4888,3898,225.09,153.822,0,0.542,0.01,0.08,Benign
24.73,TCP,smtp,4174,6627,3399,436.757,137.444,0,0.522,0.1,0.031,Benign
22.927,UDP,smtp,1519,7256,4730,382.737,206.307,0,0.599,0.105,0.086,Benign
8.111,ICMP,ftp,4404,6666,4642,1364.813,572.309,0,0.781,0.115,0.043,Benign
13.928,TCP,dns,2009,1272,3365,235.569,241.6,0,0.455,0.115,0.084,Benign
1.026,TCP,smtp,28029,546,2105,27850.877,2051.657,0,0.749,0.921,0.276,DDoS
4.584,TCP,http,266,2051,3577,505.454,780.323,0,0.538,0.047,0.049,Benign
22.544,TCP,http,1454,17934,3985,860.007,176.765,2,0.826,0.248,0.094,Web Attack
18.088,TCP,dns,560,7417,744,441.011,41.132,1,0.518,0.135,0.067,Benign
0.569,TCP,https,49134,1024,4759,88151.142,8363.796,0,0.96,0.97,0.233,DDoS
70.881,UDP,https,8301,40309,1937,685.797,27.327,0,0.948,0.282,0.128,Web Attack
6.502,TCP,https,2289,3640,4375,911.873,672.87,0,0.5,0.129,0.006,Benign
138.659,UDP,ssh,22871,8572,2978,226.765,21.477,2,0.58,0.678,0.472,Botnet
19.397,UDP,http,325,6933,1968,374.182,101.459,0,0.402,0.12,0.005,Benign
10.949,ICMP,smtp,1039,4421,3224,498.676,294.456,0,0.942,0.129,0.039,Benign
74.969,UDP,https,8215,20491,2603,382.905,34.721,1,0.904,0.308,0.09,Web Attack
0.179,UDP,other,57783,164,3864,323726.257,21586.592,0,0.79,0.92,0.379,DoS
34.367,UDP,https,3789,11508,4937,445.107,143.655,5,0.783,0.128,0.067,Web Attack
20.887,UDP,ftp,466,5294,1119,275.77,53.574,0,0.202,0.095,0.079,Benign
17.317,UDP,dns,947,1332,1070,131.605,61.789,0,0.878,0.107,0.077,Benign
14.403,UDP,ftp,1133,2175,2313,229.674,160.592,0,0.359,0.089,0.033,Benign
26.304,TCP,ftp,4712,1878,1878,250.532,71.396,0,0.925,0.003,0.056,Benign
359.593,TCP,dns,23119,7525,1227,85.219,3.412,6,0.271,0.44,0.37,Infiltration
0.522,ICMP,http,4347,3604,4053,15231.801,7764.368,0,0.295,0.139,0.083,Benign
24.421,TCP,other,2220,2398,1697,189.1,69.489,0,0.68,0.057,0.043,Benign
348.279,UDP,smtp,55831,24641,2149,231.056,6.17,6,0.388,0.536,0.113,Infiltration
17.529,TCP,dns,3793,742,3261,258.714,186.035,0,0.749,0.02,0.032,Benign
22.11,ICMP,ftp,2139,638,1928,125.599,87.2,0,0.577,0.009,0.033,Benign
29.02,ICMP,smtp,4940,5852,3125,371.881,107.684,0,0.442,0.007,0.025,Benign
29.045,UDP,https,4623,376,2783,172.112,95.817,0,0.902,0.039,0.05,Benign
15.96,UDP,smtp,1201,2173,2306,211.404,144.486,0,0.798,0.007,0.013,Benign
49.422,UDP,https,9142,34880,1244,890.737,25.171,2,0.645,0.181,0.091,Web Attack
35.759,ICMP,https,6690,10740,1344,487.43,37.585,0,0.765,0.119,0.059,Web Attack
13.301,UDP,http,4634,4014,1217,650.177,91.497,0,0.299,0.017,0.072,Benign
25.065,UDP,https,4207,6778,4785,438.261,190.904,0,0.998,0.134,0.059,Benign
12.551,ICMP,https,669,2056,217,217.114,17.289,0,0.427,0.102,0.089,Benign
205.572,TCP,ftp,14902,110704,3935,611.007,19.142,5,0.563,0.185,0.136,Infiltration
21.626,ICMP,smtp,1936,22001,4667,1106.862,215.805,3,0.303,0.345,0.379,Botnet
45.549,ICMP,ftp,1109,679,2095,39.254,45.994,75,0.342,0.576,0.203,Brute Force
25.743,UDP,http,7323,5839,1267,511.285,49.217,3,0.296,0.618,0.178,Botnet
24.21,UDP,smtp,2580,7443,3015,414.002,124.535,0,0.61,0.02,0.067,Benign
8.128,UDP,ftp,4957,3505,1531,1041.093,188.361,0,0.547,0.063,0.037,Benign
10.318,TCP,ssh,3837,5581,4062,912.774,393.681,0,0.622,0.103,0.016,Benign
14.1,TCP,dns,688,7471,2465,578.652,174.823,0,0.873,0.045,0.098,Benign
1.527,UDP,ssh,666,7554,779,5383.104,510.151,0,0.572,0.016,0.042,Benign
1.282,UDP,dns,6358,1574,3796,6187.207,2960.998,0,0.344,0.777,0.09,DoS
2.59,UDP,http,2478,2611,2176,1964.865,840.154,0,0.473,0.068,0.067,Benign
15.622,TCP,https,8997,45132,960,3464.921,61.452,0,0.211,0.18,0.054,Web Attack
12.212,UDP,smtp,4970,5986,2960,897.15,242.385,0,0.753,0.093,0.097,Benign
245.299,ICMP,ftp,3371,4598,135,32.487,0.55,1,0.757,0.158,0.1,Botnet
14.485,TCP,https,1229,5362,4417,455.022,304.936,0,0.353,0.126,0.086,Benign
14.272,UDP,https,218,994,3978,84.922,278.728,0,0.577,0.023,0.07,Benign
32.147,ICMP,ftp,9529,3309,3410,399.353,106.075,11,0.879,0.267,0.091,Brute Force
2.776,ICMP,smtp,20056,75,4846,7251.801,1745.677,0,0.78,0.769,0.22,DoS
57.429,UDP,https,17811,2246,3422,349.249,59.587,3,0.911,0.223,0.188,Web Attack
10.468,ICMP,smtp,3613,210,3594,365.208,343.332,0,0.386,0.109,0.047,Benign
27.66,ICMP,dns,3877,1114,3419,180.441,123.608,0,0.866,0.108,0.039,Benign
23.9,ICMP,dns,1367,5134,3960,272.008,165.69,0,0.303,0.104,0.009,Benign
3.117,ICMP,ftp,3447,7765,390,3597.048,125.12,1,0.999,0.046,0.021,Benign
20.34,UDP,dns,1471,6822,2771,407.719,136.234,0,0.544,0.076,0.081,Benign
6.8,TCP,ssh,2152,2827,4568,732.206,671.765,0,0.414,0.115,0.077,Benign
15.51,ICMP,other,893,5826,913,433.204,58.865,0,0.98,0.142,0.08,Benign
4.293,ICMP,other,7676,1686,1373,2180.759,319.823,0,0.704,0.803,0.228,DoS
90.118,UDP,ftp,7433,4244,2746,129.575,30.471,68,0.855,0.466,0.09,Brute Force
29.092,TCP,ftp,93,2049,1407,73.628,48.364,0,0.268,0.071,0.029,Benign
18.92,UDP,dns,2050,1281,1135,176.057,59.989,0,0.841,0.079,0.079,Benign
28.56,UDP,ftp,4268,6549,86,378.746,3.011,0,0.774,0.142,0.044,Benign
10.215,TCP,http,3330,6367,1241,949.29,121.488,0,0.922,0.009,0.076,Benign
23.992,ICMP,smtp,4298,2462,2498,281.761,104.118,0,0.777,0.133,0.07,Benign
24.827,UDP,http,4363,5040,1685,378.741,67.87,0,0.91,0.105,0.045,Benign
13.32,ICMP,smtp,2868,7311,2475,764.189,185.811,0,0.267,0.097,0.078,Benign
21.595,UDP,smtp,1072,4303,4525,248.9,209.539,1,0.45,0.043,0.009,Benign
0.8,ICMP,https,4463,4893,3468,11695.0,4335.0,0,0.99,0.125,0.03,Benign
11.252,TCP,other,4197,2943,3681,634.554,327.142,0,0.438,0.113,0.094,Benign
4.915,UDP,dns,53781,1527,4373,11252.899,889.725,0,0.876,0.995,0.248,DoS
20.041,UDP,dns,4732,5548,867,512.948,43.261,0,0.462,0.057,0.074,Benign
3.03,UDP,ftp,3527,6826,1070,3416.832,353.135,0,0.581,0.014,0.042,Benign
15.835,UDP,smtp,4858,4619,4091,598.484,258.352,0,0.709,0.059,0.026,Benign
373.907,ICMP,ftp,55646,108978,3754,440.281,10.04,2,0.304,0.179,0.157,Infiltration
20.865,ICMP,http,3770,3917,977,368.416,46.825,0,0.681,0.024,0.056,Benign
17.196,TCP,dns,369,4322,2489,272.796,144.743,0,0.435,0.056,0.099,Benign
23.535,TCP,https,3495,438,1504,167.113,63.905,0,0.855,0.046,0.028,Benign
10.525,TCP,ssh,406,3460,2772,367.316,263.373,0,0.825,0.046,0.045,Benign
18.211,ICMP,other,1174,4175,1225,293.724,67.267,0,0.893,0.114,0.067,Benign
18.745,ICMP,smtp,3212,1947,3634,275.22,193.865,0,0.789,0.051,0.005,Benign
0.842,TCP,smtp,2570,4636,4443,8558.195,5276.722,0,0.661,0.097,0.009,Benign
5.763,ICMP,ssh,3938,4157,1477,1404.65,256.29,0,0.97,0.018,0.094,Benign
24.908,TCP,https,4787,3679,4829,339.891,193.873,0,0.236,0.08,0.032,Benign
58.072,TCP,ssh,6998,297,818,125.62,14.086,72,0.633,0.259,0.153,Brute Force
23.072,TCP,dns,1303,2553,2669,167.129,115.681,1,0.345,0.102,0.006,Benign
3.052,UDP,ftp,1207,3421,995,1516.383,326.016,0,0.242,0.039,0.094,Benign
7.171,ICMP,ssh,4206,6203,2612,1451.541,364.245,0,0.572,0.142,0.027,Benign
12.284,UDP,http,1954,7525,836,771.654,68.056,0,0.397,0.04,0.096,Benign
17.091,TCP,dns,3693,727,1171,258.616,68.516,0,0.499,0.075,0.078,Benign
477.728,TCP,ssh,73764,60210,2374,280.44,4.969,0,0.722,0.101,0.309,Infiltration
8.272,TCP,ftp,2095,6917,1747,1089.458,211.194,0,0.668,0.15,0.084,Benign
22.202,TCP,https,4652,612,1149,237.096,51.752,0,0.78,0.059,0.012,Benign
316.909,UDP,https,106127,42720,3713,469.684,11.716,10,0.418,0.62,0.386,Infiltration
6.398,UDP,dns,4951,2730,21,1200.531,3.282,0,0.687,0.104,0.065,Benign
5.289,TCP,smtp,4593,7374,669,2262.621,126.489,0,0.83,0.073,0.039,Benign
1.025,TCP,ssh,3686,5547,4930,9007.805,4809.756,0,0.486,0.146,0.038,Benign
3.83,ICMP,http,3074,7709,2308,2815.405,602.611,0,0.744,0.001,0.074,Benign
24.507,TCP,http,2523,6662,2978,374.791,121.516,0,0.229,0.035,0.049,Benign
18.22,ICMP,smtp,98,1646,2277,95.719,124.973,1,0.655,0.096,0.011,Benign
19.829,ICMP,https,4674,5546,1055,515.407,53.205,0,0.797,0.085,0.007,Benign
6.916,ICMP,other,4325,6011,4370,1494.505,631.868,0,0.692,0.029,0.068,Benign
28.143,UDP,http,464,7034,2249,266.425,79.913,0,0.297,0.065,0.1,Benign
15.566,UDP,dns,396,7280,4366,493.126,280.483,0,0.559,0.007,0.092,Benign
2.546,TCP,dns,4724,6656,3476,4469.756,1365.279,0,0.966,0.111,0.098,Benign
27.009,TCP,http,2559,42025,4859,1650.709,179.903,5,0.838,0.079,0.17,Web Attack
9.519,UDP,http,8310,23334,602,3324.299,63.242,0,0.821,0.296,0.18,Web Attack
13.449,TCP,smtp,1062,740,537,133.988,39.929,1,0.826,0.138,0.038,Benign
9.114,UDP,http,3577,578,3129,455.892,343.318,0,0.521,0.008,0.005,Benign
25.951,UDP,https,126,3754,834,149.513,32.137,0,0.472,0.119,0.088,Benign
41.86,TCP,http,19761,13614,4861,797.301,116.125,0,0.832,0.081,0.199,Web Attack
19.157,ICMP,https,2139,2951,1996,265.699,104.192,0,0.31,0.109,0.044,Benign
17.577,TCP,dns,4243,7902,4438,690.96,252.489,0,0.82,0.054,0.058,Benign
10.353,UDP,ssh,3061,7988,474,1067.227,45.784,0,0.39,0.088,0.068,Benign
0.282,ICMP,other,23532,400,1653,84865.248,5861.702,0,0.828,0.989,0.274,DDoS
20.874,ICMP,ftp,3868,4953,2754,422.583,131.934,0,0.693,0.128,0.057,Benign
13.684,TCP,http,385,4102,1891,327.901,138.191,0,0.573,0.001,0.022,Benign
23.074,UDP,smtp,2755,6653,60,407.732,2.6,0,0.49,0.031,0.018,Benign
3.544,TCP,ssh,2420,3647,364,1711.907,102.709,0,0.98,0.088,0.077,Benign
6.646,UDP,https,2186,5928,1610,1220.885,242.251,0,0.217,0.127,0.025,Benign
4.159,TCP,http,9994,776,2777,2589.565,667.709,0,0.949,0.845,0.36,DDoS
24.304,TCP,dns,1443,7749,3558,378.209,146.396,0,0.903,0.12,0.062,Benign
23.867,TCP,https,1610,4402,2008,251.896,84.133,0,0.937,0.056,0.06,Benign
4.274,ICMP,https,20279,1617,2299,5123.07,537.904,0,0.898,0.617,0.137,DoS
33.016,ICMP,ftp,1533,3955,4089,166.222,123.849,13,0.615,0.184,0.205,Brute Force
15.812,ICMP,dns,3999,5902,4788,626.17,302.808,1,0.72,0.071,0.058,Benign
25.909,TCP,ftp,3283,1830,3069,197.345,118.453,0,0.404,0.133,0.057,Benign
13.391,TCP,dns,2920,1925,3495,361.81,260.996,0,0.561,0.07,0.062,Benign
14.977,UDP,other,2276,3172,626,363.758,41.797,0,0.487,0.066,0.027,Benign
16.445,ICMP,ssh,680,6477,2956,435.208,179.751,0,0.231,0.034,0.012,Benign
9.944,TCP,smtp,2519,6144,4953,871.179,498.089,0,0.998,0.103,0.027,Benign
285.269,ICMP,smtp,35227,2118,3313,130.912,11.614,4,0.957,0.255,0.256,Infiltration
2.365,ICMP,http,34596,1558,1869,15287.104,790.275,0,0.382,0.978,0.353,DDoS
2.584,UDP,https,52509,1131,3784,20758.514,1464.396,0,0.473,0.891,0.303,DoS
23.127,TCP,ftp,3461,1756,1143,225.58,49.423,0,0.662,0.128,0.003,Benign
15.044,ICMP,http,2945,2823,4409,383.409,293.074,0,0.44,0.064,0.075,Benign
1.063,ICMP,other,1179,1299,4944,2331.138,4650.988,1,0.931,0.149,0.057,Benign
6.206,UDP,ftp,3240,561,4670,612.472,752.498,0,0.97,0.028,0.011,Benign
5.226,UDP,http,4569,1495,1534,1160.352,293.532,0,0.359,0.103,0.049,Benign
17.265,UDP,http,10038,44225,1412,3142.948,81.784,4,0.461,0.071,0.064,Web Attack
79.178,UDP,http,4731,36156,1069,516.393,13.501,3,0.896,0.193,0.067,Web Attack
14.296,ICMP,smtp,4985,4751,3764,681.03,263.29,0,0.42,0.088,0.05,Benign
2.013,TCP,ftp,3310,4994,4026,4125.186,2000.0,0,0.568,0.079,0.091,Benign
8.709,ICMP,http,3778,2880,1439,764.496,165.231,0,0.532,0.107,0.03,Benign
13.019,ICMP,smtp,3191,7501,362,821.261,27.806,0,0.392,0.105,0.01,Benign
69.151,UDP,ssh,1293,1879,3025,45.871,43.745,68,0.261,0.306,0.355,Brute Force
13.583,UDP,ftp,2110,1738,3788,283.295,278.878,0,0.505,0.069,0.007,Benign
0.198,TCP,ftp,17423,234,3808,89176.768,19232.323,0,0.588,0.869,0.098,DoS
7.345,ICMP,smtp,3625,1188,152,655.276,20.694,0,0.686,0.042,0.016,Benign
22.269,TCP,ssh,1419,675,3614,94.032,162.288,0,0.486,0.002,0.027,Benign
16.016,TCP,smtp,3661,5747,847,587.413,52.885,0,0.512,0.095,0.052,Benign
0.24,TCP,ssh,3131,6324,1643,39395.833,6845.833,0,0.273,0.037,0.091,Benign
24.634,TCP,dns,557,1846,1380,97.548,56.02,1,0.779,0.014,0.084,Benign
24.487,ICMP,http,2683,4644,3241,299.22,132.356,0,0.951,0.094,0.093,Benign
10.762,TCP,http,1462,162,3763,150.901,349.656,0,0.376,0.047,0.039,Benign
18.755,UDP,smtp,399,591,4097,52.786,218.448,0,0.986,0.062,0.077,Benign
29.717,ICMP,other,4702,1444,3188,206.818,107.279,0,0.742,0.014,0.032,Benign
186.062,ICMP,https,84277,100839,558,994.916,2.999,5,0.468,0.638,0.4,Infiltration
11.533,ICMP,ftp,1944,4164,1021,529.611,88.529,0,0.447,0.148,0.023,Benign
0.406,TCP,ssh,10014,767,3083,26554.187,7593.596,0,0.364,0.774,0.121,DoS
29.658,ICMP,ssh,3675,6095,329,329.422,11.093,0,0.617,0.02,0.032,Benign
165.574,ICMP,other,4105,31016,447,212.117,2.7,5,0.925,0.289,0.193,Infiltration
20.652,TCP,other,1862,5021,54,333.285,2.615,0,0.252,0.078,0.018,Benign
19.068,TCP,http,1199,7726,1679,468.062,88.053,0,0.389,0.014,0.059,Benign
9.413,ICMP,ftp,1658,2046,4727,393.498,502.178,0,0.559,0.091,0.03,Benign
23.461,UDP,other,695,7830,3620,363.369,154.299,1,0.538,0.06,0.017,Benign
4.761,UDP,other,3988,202,2464,880.067,517.538,0,0.676,0.064,0.008,Benign
7.793,ICMP,https,3838,2545,594,819.068,76.222,0,0.467,0.056,0.061,Benign
27.492,TCP,https,74,145,3319,7.966,120.726,0,0.941,0.11,0.037,Benign
127.53,ICMP,dns,10586,21505,1024,251.635,8.029,0,0.508,0.395,0.067,Botnet
13.145,TCP,other,2131,6358,4007,645.797,304.831,0,0.708,0.108,0.051,Benign
11.621,TCP,smtp,3513,6066,2965,824.284,255.142,0,0.705,0.072,0.092,Benign
19.395,ICMP,smtp,2180,4999,4937,370.147,254.55,0,0.663,0.102,0.025,Benign
3.59,TCP,http,796,5318,663,1703.064,184.68,0,0.615,0.058,0.071,Benign
24.91,UDP,https,2111,5707,3140,313.85,126.054,0,0.669,0.145,0.066,Benign
0.453,ICMP,other,42692,1172,1174,96830.022,2591.611,0,0.415,0.9,0.171,DoS
21.0,ICMP,ftp,92,1419,3427,71.952,163.19,0,0.62,0.0,0.007,Benign
5.202,ICMP,ftp,3109,1566,908,898.693,174.548,0,0.561,0.03,0.018,Benign
0.304,TCP,https,12975,1657,3353,48131.579,11029.605,0,0.553,0.892,0.141,DDoS
51.278,TCP,https,3115,20210,248,454.873,4.836,0,0.669,0.163,0.119,Web Attack
3.114,ICMP,other,540,2219,347,885.999,111.432,0,0.277,0.001,0.058,Benign
18.129,TCP,ftp,2217,7675,2762,545.645,152.353,0,0.497,0.114,0.06,Benign
36.356,UDP,ftp,6118,3364,825,260.81,22.692,53,0.202,0.405,0.44,Brute Force
101.896,UDP,ssh,2475,310,3023,27.332,29.668,20,0.562,0.535,0.162,Brute Force
12.452,UDP,ssh,1579,65,141,132.027,11.323,1,0.707,0.144,0.081,Benign
84.572,ICMP,ftp,4026,4069,3510,95.717,41.503,56,0.951,0.47,0.368,Brute Force
259.988,UDP,smtp,3791,24560,1177,109.047,4.527,3,0.896,0.326,0.138,Botnet
13.492,ICMP,ftp,8358,813,1381,679.736,102.357,43,0.917,0.516,0.449,Brute Force
171.387,UDP,smtp,8474,7435,737,92.825,4.3,1,0.284,0.602,0.347,Botnet
466.632,TCP,https,43795,119311,2115,349.539,4.532,6,0.733,0.521,0.199,Infiltration
206.333,ICMP,http,18015,21260,1838,190.348,8.908,3,0.945,0.204,0.361,Botnet
3.223,ICMP,http,25707,1864,3131,8554.452,971.455,0,0.723,0.873,0.308,DoS
1.175,UDP,other,17979,236,2792,15502.128,2376.17,0,0.792,0.681,0.089,DoS
46.254,ICMP,http,4675,21537,4838,566.697,104.596,3,0.628,0.223,0.05,Web Attack
3.859,UDP,dns,53266,1391,4933,14163.514,1278.31,0,0.673,0.97,0.094,DDoS
25.586,TCP,ssh,2628,1225,3738,150.59,146.096,0,0.318,0.045,0.022,Benign
25.489,ICMP,smtp,321,4946,2245,206.638,88.077,0,0.997,0.075,0.069,Benign
24.878,UDP,smtp,4095,2427,2734,262.159,109.896,0,0.322,0.057,0.098,Benign
6.83,ICMP,other,470,7602,3214,1181.845,470.571,0,0.439,0.027,0.049,Benign
2.744,TCP,http,23112,865,3211,8737.974,1170.19,0,0.513,0.855,0.397,DDoS
20.922,UDP,dns,1638,5783,4759,354.698,227.464,0,0.893,0.059,0.013,Benign
13.78,ICMP,dns,1380,4768,1191,446.154,86.43,0,0.368,0.104,0.029,Benign
3.26,TCP,smtp,24738,1486,1214,8044.172,372.393,0,0.501,0.935,0.086,DDoS
109.065,ICMP,other,8383,13589,434,201.458,3.979,5,0.294,0.636,0.181,Infiltration
13.071,UDP,ssh,1257,5176,3254,492.158,248.948,0,0.591,0.037,0.012,Benign
22.381,TCP,smtp,774,6411,3651,321.031,163.129,0,0.494,0.123,0.038,Benign
14.728,TCP,http,4215,1882,2247,413.973,152.567,0,0.755,0.086,0.057,Benign
11.58,ICMP,https,3592,2484,4408,524.698,380.656,0,0.348,0.015,0.006,Benign
2.785,TCP,ftp,36154,1604,4255,13557.63,1527.828,0,0.87,0.915,0.221,DDoS
22.63,ICMP,http,1739,7950,1479,428.148,65.356,0,0.204,0.018,0.086,Benign
1.27,UDP,http,4751,1729,291,5102.362,229.134,0,0.268,0.013,0.026,Benign
28.992,UDP,dns,1445,3505,383,170.737,13.211,1,0.957,0.099,0.025,Benign
16.07,UDP,smtp,1185,4767,2889,370.38,179.776,0,0.685,0.047,0.091,Benign
19.912,ICMP,http,406,1982,1768,119.928,88.791,0,0.966,0.021,0.086,Benign
10.836,TCP,ssh,1092,6012,3132,655.592,289.037,0,0.72,0.011,0.025,Benign
28.348,UDP,http,3524,7742,2211,397.418,77.995,0,0.996,0.08,0.007,Benign
11.227,TCP,smtp,4229,4995,3557,821.591,316.826,0,0.503,0.123,0.032,Benign
95.635,TCP,http,17915,4104,2977,230.24,31.129,3,0.927,0.19,0.338,Botnet
3.993,TCP,other,18933,20,1825,4746.556,457.05,0,0.503,0.594,0.393,DoS
15.842,TCP,https,2551,4863,4692,467.996,296.175,0,0.892,0.073,0.053,Benign
26.907,ICMP,http,1438,2645,4360,151.745,162.04,0,0.641,0.058,0.035,Benign
75.154,UDP,ssh,4444,177,3108,61.487,41.355,70,0.654,0.457,0.313,Brute Force
29.238,ICMP,smtp,2080,5595,2904,262.501,99.323,0,0.839,0.106,0.018,Benign
15.666,UDP,ftp,1914,2540,2566,284.31,163.794,0,0.876,0.013,0.031,Benign
7.277,TCP,smtp,807,1392,4042,302.185,555.449,0,0.847,0.013,0.029,Benign
15.31,UDP,smtp,1157,3969,4366,334.814,285.173,0,0.758,0.103,0.068,Benign
27.336,ICMP,https,99,5890,4331,219.088,158.436,0,0.747,0.08,0.035,Benign
20.268,UDP,https,4328,7443,4213,580.768,207.865,0,0.483,0.011,0.084,Benign
5.197,UDP,ftp,967,2808,970,726.381,186.646,0,0.432,0.037,0.054,Benign
0.167,UDP,https,4699,3264,4228,47682.635,25317.365,0,0.861,0.046,0.093,Benign
25.466,UDP,ssh,511,2954,882,136.064,34.634,0,0.204,0.069,0.03,Benign
48.999,TCP,ssh,1860,3629,3369,112.023,68.757,67,0.299,0.199,0.262,Brute Force
19.733,TCP,other,1892,3895,1497,293.265,75.863,0,0.629,0.045,0.043,Benign
25.197,UDP,smtp,1365,1185,1630,101.203,64.69,0,0.289,0.065,0.036,Benign
12.69,TCP,ftp,2753,7420,2182,801.655,171.946,0,0.295,0.1,0.095,Benign
20.484,UDP,other,1083,2701,3190,184.73,155.731,0,0.305,0.117,0.04,Benign
63.552,TCP,https,16884,947,3524,280.573,55.451,1,0.981,0.181,0.423,Botnet
1.454,UDP,ftp,32845,169,1254,22705.64,862.448,0,0.783,0.892,0.137,DoS
3.539,UDP,other,2198,5782,849,2254.874,239.898,0,0.761,0.123,0.02,Benign
29.777,TCP,https,4883,5192,319,338.348,10.713,0,0.419,0.034,0.013,Benign
0.628,TCP,ftp,1675,784,1900,3915.605,3025.478,0,0.377,0.057,0.052,Benign
12.869,TCP,ssh,463,2532,3429,232.73,266.454,0,0.398,0.055,0.094,Benign
10.059,TCP,ssh,5469,1836,3534,726.215,351.327,41,0.348,0.336,0.413,Brute Force
105.22,UDP,dns,3674,22420,1072,247.995,10.188,0,0.465,0.56,0.397,Botnet
3.896,UDP,smtp,35659,1238,1725,9470.483,442.762,0,0.667,0.717,0.278,DoS
18.924,TCP,https,4970,1025,1565,316.793,82.699,0,0.354,0.145,0.088,Benign
28.26,TCP,http,2849,2509,1263,189.597,44.692,0,0.235,0.148,0.02,Benign
7.651,ICMP,smtp,4630,2885,3577,982.225,467.521,0,0.254,0.067,0.072,Benign
0.754,ICMP,other,4948,2285,4643,9592.838,6157.825,0,0.249,0.019,0.005,Benign
412.831,TCP,smtp,65884,90744,1360,379.4,3.294,8,0.55,0.579,0.537,Infiltration
11.768,ICMP,other,2264,1735,77,339.82,6.543,0,0.903,0.024,0.022,Benign
3.542,UDP,ssh,35411,530,2204,10147.092,622.247,0,0.642,0.687,0.127,DDoS
7.223,TCP,ssh,360,5279,2220,780.701,307.352,0,0.899,0.133,0.093,Benign
6.378,TCP,other,991,51,2663,163.374,417.529,0,0.267,0.095,0.097,Benign
21.69,ICMP,dns,3385,7399,90,497.188,4.149,0,0.859,0.049,0.006,Benign
7.754,UDP,https,168,4442,4783,594.532,616.843,0,0.285,0.13,0.094,Benign
1.294,UDP,smtp,42040,1299,3627,33492.272,2802.937,0,0.377,0.822,0.122,DoS
24.251,ICMP,smtp,3279,1315,1220,189.435,50.307,0,0.922,0.109,0.043,Benign
5.632,TCP,ftp,1482,1587,2315,544.922,411.044,0,0.217,0.142,0.018,Benign
11.887,TCP,other,1578,608,3302,183.898,277.782,0,0.28,0.064,0.046,Benign
24.259,ICMP,other,4982,856,363,240.653,14.964,0,0.306,0.003,0.083,Benign
4.694,UDP,https,40297,27,876,8590.541,186.621,0,0.634,0.907,0.053,DoS
1.02,ICMP,http,32485,1555,1341,33372.549,1314.706,0,0.446,0.803,0.206,DDoS
16.351,TCP,http,2231,5180,4466,453.244,273.133,0,0.437,0.003,0.004,Benign
0.136,UDP,https,1877,236,2354,15536.765,17308.824,0,0.381,0.058,0.035,Benign
107.265,UDP,ftp,2041,4128,2932,57.512,27.334,26,0.261,0.595,0.14,Brute Force
26.878,UDP,http,4992,1277,3488,233.239,129.772,0,0.32,0.08,0.06,Benign
24.545,UDP,ssh,2893,7211,2179,411.652,88.776,0,0.849,0.137,0.066,Benign
0.165,TCP,other,1257,6411,3924,46472.727,23781.818,0,0.852,0.048,0.039,Benign
8.426,UDP,smtp,780,2686,2620,411.346,310.942,1,0.595,0.027,0.039,Benign
23.826,UDP,ssh,2771,1172,3434,165.491,144.128,0,0.639,0.098,0.025,Benign
16.133,UDP,ssh,1925,3190,1801,317.052,111.635,0,0.762,0.107,0.053,Benign
29.818,TCP,https,180,3008,493,106.915,16.534,0,0.929,0.144,0.092,Benign
13.866,TCP,dns,4557,7669,462,881.725,33.319,0,0.798,0.036,0.083,Benign
4.378,ICMP,smtp,255,5742,4769,1369.804,1089.31,1,0.259,0.056,0.07,Benign
0.743,TCP,http,10258,161,3416,14022.88,4597.577,0,0.32,0.66,0.054,DDoS
22.468,ICMP,https,2493,3891,113,284.137,5.029,0,0.429,0.051,0.078,Benign
18.165,ICMP,http,1461,4162,3726,309.551,205.12,0,0.643,0.059,0.042,Benign
1.537,ICMP,ssh,15897,867,758,10906.962,493.169,0,0.617,0.969,0.145,DDoS
129.576,TCP,smtp,82139,8339,4586,698.262,35.392,3,0.684,0.316,0.47,Infiltration
14.375,ICMP,ftp,3358,6816,3480,707.757,242.087,0,0.356,0.008,0.037,Benign
18.135,TCP,dns,2788,269,1740,168.569,95.947,0,0.678,0.024,0.011,Benign
2.763,UDP,https,42837,1903,4675,16192.544,1692.001,0,0.652,0.565,0.144,DoS
1.537,UDP,http,803,7769,3266,5577.098,2124.919,0,0.6,0.147,0.075,Benign
10.74,UDP,smtp,1101,5796,4130,642.179,384.544,0,0.281,0.05,0.09,Benign
2.94,TCP,http,26042,976,2381,9189.796,809.864,0,0.329,0.814,0.348,DDoS
2.889,TCP,smtp,1937,7285,1324,3192.108,458.29,0,0.995,0.102,0.014,Benign
19.577,ICMP,ssh,2836,3705,3534,334.117,180.518,0,0.232,0.051,0.036,Benign
7.249,ICMP,ftp,654,7888,127,1178.369,17.52,0,0.314,0.094,0.05,Benign
116.584,ICMP,ftp,1628,4187,1327,49.878,11.382,17,0.255,0.327,0.118,Brute Force
2.227,UDP,http,3814,2153,3626,2679.389,1628.199,1,0.72,0.147,0.076,Benign
14.699,TCP,ssh,3017,7076,1061,686.645,72.182,0,0.553,0.061,0.062,Benign
11.273,ICMP,dns,3424,4184,354,674.887,31.402,0,0.696,0.132,0.099,Benign
7.42,ICMP,other,4634,105,4675,638.679,630.054,0,0.519,0.016,0.038,Benign
13.922,UDP,other,805,2898,3813,265.982,273.883,0,0.287,0.096,0.09,Benign
23.07,TCP,ftp,1674,3329,3988,216.862,172.865,0,0.37,0.048,0.1,Benign
2.278,TCP,dns,36722,318,1753,16259.877,769.535,0,0.456,0.977,0.101,DoS
11.471,ICMP,other,3001,6508,192,828.96,16.738,0,0.962,0.071,0.005,Benign
19.107,UDP,dns,724,1201,3703,100.748,193.803,0,0.897,0.061,0.03,Benign
5.604,ICMP,dns,480,797,2437,227.873,434.868,0,0.332,0.064,0.096,Benign
14.317,UDP,ftp,1356,7950,3192,649.997,222.952,0,0.858,0.053,0.069,Benign
2.426,ICMP,https,4778,5090,2597,4067.601,1070.486,0,0.211,0.1,0.082,Benign
105.073,TCP,ftp,2061,3429,1034,52.249,9.841,38,0.707,0.36,0.051,Brute Force
1.191,ICMP,http,1577,3482,1775,4247.691,1490.344,0,0.478,0.116,0.06,Benign
287.429,ICMP,ssh,12632,27165,4118,138.459,14.327,2,0.855,0.16,0.453,Botnet
29.972,UDP,smtp,3431,3401,2756,227.946,91.952,0,0.291,0.124,0.043,Benign
5.389,UDP,dns,4913,1372,3588,1166.265,665.801,0,0.707,0.057,0.085,Benign
24.198,TCP,http,890,774,4071,68.766,168.237,0,0.8,0.092,0.041,Benign
19.042,ICMP,http,4163,4801,1740,470.749,91.377,0,0.378,0.1,0.085,Benign
5.947,UDP,http,3886,7826,3387,1969.396,569.531,0,0.926,0.145,0.091,Benign
0.327,ICMP,ftp,3109,6447,2171,29223.242,6639.144,0,0.446,0.043,0.088,Benign
20.083,UDP,https,14084,3141,2750,857.691,136.932,0,0.336,0.058,0.248,Web Attack
16.717,UDP,https,3246,1618,4738,290.961,283.424,0,0.543,0.059,0.005,Benign
14.724,UDP,http,10924,34900,4135,3112.198,280.834,1,0.295,0.181,0.075,Web Attack
22.889,UDP,other,2171,6899,769,396.26,33.597,0,0.221,0.142,0.02,Benign
0.932,ICMP,https,4493,7581,1074,12954.936,1152.361,1,0.987,0.086,0.003,Benign
7.268,UDP,https,1856,2472,3102,595.487,426.802,0,0.816,0.126,0.073,Benign
28.056,UDP,http,229,5269,4886,195.965,174.152,1,0.298,0.13,0.011,Benign
2.874,UDP,https,4088,6959,4027,3843.772,1401.183,0,0.836,0.126,0.039,Benign
2.382,UDP,smtp,3479,3114,1324,2767.842,555.835,0,0.344,0.095,0.045,Benign
17.062,TCP,smtp,297,1000,4920,76.017,288.36,1,0.637,0.149,0.048,Benign
27.805,ICMP,dns,1619,5005,1253,238.231,45.064,0,0.373,0.003,0.051,Benign
9.893,TCP,http,1840,723,3950,259.072,399.272,0,0.359,0.141,0.027,Benign
19.593,ICMP,ssh,3866,6144,1586,510.897,80.947,0,0.4,0.065,0.095,Benign
28.86,ICMP,dns,882,4821,1691,197.609,58.593,0,0.963,0.088,0.017,Benign
17.93,UDP,ftp,2265,6723,1641,501.283,91.523,0,0.654,0.016,0.038,Benign
2.022,ICMP,other,1410,7326,2409,4320.475,1191.395,0,0.683,0.077,0.059,Benign
53.814,ICMP,ssh,2078,1573,600,67.845,11.15,46,0.372,0.315,0.124,Brute Force
9.502,TCP,other,118,2649,4653,291.202,489.686,0,0.836,0.108,0.021,Benign
52.415,ICMP,ssh,3676,4419,4706,154.441,89.783,32,0.914,0.151,0.161,Brute Force
24.42,UDP,dns,1663,1654,2253,135.831,92.26,0,0.537,0.074,0.005,Benign
9.874,TCP,ssh,3176,1976,4721,521.774,478.124,0,0.99,0.043,0.064,Benign
67.49,UDP,http,13699,3425,573,253.726,8.49,4,0.576,0.325,0.06,Web Attack
1.512,UDP,smtp,21787,1543,2570,15429.894,1699.735,0,0.595,0.706,0.078,DDoS
29.521,UDP,smtp,4081,6992,846,375.089,28.658,0,0.223,0.137,0.084,Benign
3.244,TCP,https,2684,7096,1570,3014.797,483.97,0,0.779,0.065,0.017,Benign
4.671,ICMP,http,57886,107,912,12415.543,195.247,0,0.238,0.667,0.325,DDoS
20.669,UDP,dns,3149,2251,987,261.261,47.753,0,0.301,0.139,0.058,Benign
116.242,ICMP,ftp,6971,3760,4019,92.316,34.574,20,0.981,0.361,0.146,Brute Force
6.852,ICMP,ftp,2201,6316,1990,1242.995,290.426,0,0.728,0.012,0.056,Benign
0.399,TCP,smtp,33414,123,3840,84052.632,9624.06,0,0.855,0.646,0.285,DoS
6.339,TCP,dns,4877,6279,2559,1759.899,403.691,0,0.767,0.129,0.076,Benign
27.432,ICMP,http,1832,7549,4211,341.973,153.507,0,0.362,0.146,0.087,Benign
12.751,TCP,dns,2556,7834,882,814.838,69.171,0,0.796,0.097,0.015,Benign
8.076,UDP,https,3941,5462,4513,1164.314,558.816,0,0.267,0.053,0.012,Benign
15.115,TCP,ftp,4200,2773,3138,461.33,207.608,0,0.786,0.041,0.01,Benign
12.14,UDP,https,4906,2300,413,593.575,34.02,0,0.717,0.074,0.043,Benign
34.879,TCP,http,1669,19349,2261,602.598,64.824,2,0.381,0.293,0.289,Botnet
11.818,ICMP,ftp,869,1841,1690,229.311,143.002,0,0.337,0.132,0.027,Benign
21.205,ICMP,dns,2399,6051,3910,398.491,184.39,0,0.791,0.028,0.091,Benign
28.726,ICMP,ssh,1337,1465,3892,97.542,135.487,28,0.542,0.266,0.232,Brute Force
5.205,UDP,http,119,4906,2032,965.418,390.394,0,0.578,0.071,0.0,Benign
20.433,TCP,ssh,2421,6883,774,455.342,37.88,0,0.28,0.075,0.075,Benign
2.458,UDP,ftp,23988,1117,2989,10213.588,1216.029,0,0.567,0.666,0.22,DDoS
1.675,UDP,smtp,34936,1586,4885,21804.179,2916.418,0,0.587,0.849,0.353,DDoS
19.23,ICMP,smtp,1251,3401,4083,241.914,212.324,0,0.225,0.099,0.014,Benign
10.847,ICMP,ftp,771,1627,2248,221.075,207.246,0,0.902,0.057,0.011,Benign
5.331,UDP,ssh,2897,7314,2268,1915.4,425.436,0,0.447,0.088,0.095,Benign
10.364,ICMP,smtp,1047,3590,2847,447.414,274.701,0,0.431,0.085,0.079,Benign
61.197,UDP,smtp,22812,5422,2492,461.362,40.721,2,0.589,0.524,0.349,Botnet
13.67,UDP,http,1820,2358,46,305.633,3.365,0,0.544,0.019,0.049,Benign
7.618,TCP,http,2908,7238,4598,1331.846,603.57,0,0.324,0.129,0.067,Benign
29.878,UDP,https,1651,3579,3881,175.045,129.895,0,0.946,0.012,0.022,Benign
11.649,ICMP,smtp,3309,7960,4895,967.379,420.208,0,0.449,0.134,0.092,Benign
24.151,ICMP,dns,1180,5637,1639,282.266,67.865,0,0.441,0.038,0.042,Benign
13.889,ICMP,smtp,1542,3119,4318,335.589,310.894,0,0.554,0.125,0.01,Benign
10.791,ICMP,smtp,2941,3543,4583,600.871,424.706,0,0.221,0.144,0.046,Benign
0.712,TCP,other,20817,1611,1047,31500.0,1470.506,0,0.697,0.659,0.229,DoS
93.087,UDP,ftp,6633,1131,450,83.406,4.834,56,0.268,0.435,0.235,Brute Force
10.071,ICMP,http,837,6773,503,755.635,49.945,0,0.297,0.072,0.033,Benign
21.537,ICMP,smtp,1719,4269,1836,278.033,85.249,0,0.916,0.111,0.05,Benign
18.884,TCP,dns,92,6639,5,356.439,0.265,0,0.322,0.103,0.011,Benign
37.193,ICMP,ssh,1897,3980,1002,158.014,26.941,8,0.44,0.516,0.228,Brute Force
7.124,TCP,other,4518,2172,1014,939.079,142.336,0,0.546,0.102,0.086,Benign
24.575,TCP,https,2011,1438,3940,140.346,160.326,0,0.432,0.105,0.02,Benign
11.083,ICMP,ftp,2294,3244,3485,499.684,314.446,0,0.319,0.12,0.046,Benign
11.744,TCP,ssh,4795,2520,3646,622.871,310.456,0,0.234,0.098,0.066,Benign
70.712,TCP,http,15519,19147,2862,490.242,40.474,0,0.922,0.345,0.139,Web Attack
5.317,ICMP,http,1280,2922,1152,790.295,216.664,0,0.423,0.084,0.046,Benign
0.35,UDP,ftp,56006,1321,4968,163791.429,14194.286,0,0.727,0.768,0.387,DoS
19.801,ICMP,other,2163,1100,4793,164.79,242.058,0,0.694,0.088,0.058,Benign
25.576,TCP,http,1343,1938,3907,128.284,152.76,0,0.459,0.016,0.093,Benign
7.175,ICMP,other,1465,6005,532,1041.115,74.146,0,0.25,0.113,0.042,Benign
22.523,TCP,other,3657,6293,1430,441.771,63.491,0,0.457,0.095,0.003,Benign
29.667,UDP,https,4740,4598,2348,314.761,79.145,0,0.38,0.038,0.044,Benign
2.647,UDP,other,52773,393,793,20085.38,299.584,0,0.363,0.589,0.058,DoS
3.874,TCP,dns,38243,1119,4331,10160.558,1117.966,0,0.597,0.939,0.169,DDoS
2.374,ICMP,other,24075,730,1134,10448.61,477.675,0,0.841,0.828,0.246,DDoS
26.232,ICMP,ftp,4702,680,4090,205.169,155.916,0,0.384,0.078,0.01,Benign
6.798,UDP,http,2414,7595,1298,1472.345,190.939,0,0.974,0.059,0.036,Benign
25.611,ICMP,https,4136,2597,913,262.895,35.649,0,0.666,0.008,0.07,Benign
3.368,UDP,http,11577,28617,1146,11934.086,340.261,2,0.363,0.11,0.272,Web Attack
3.32,UDP,other,58558,127,4624,17676.205,1392.771,0,0.923,0.656,0.076,DDoS
29.434,TCP,dns,3449,4940,3927,285.011,133.417,0,0.957,0.139,0.089,Benign
1.164,TCP,http,4198,1885,1870,5225.945,1606.529,0,0.217,0.065,0.03,Benign
18.283,TCP,ssh,3147,5626,3176,479.845,173.713,0,0.813,0.003,0.048,Benign
12.862,UDP,smtp,1168,986,3017,167.47,234.567,0,0.481,0.135,0.098,Benign
7.038,TCP,https,4861,122,4397,708.014,624.751,0,0.654,0.112,0.089,Benign
368.319,TCP,other,107511,8455,2320,314.852,6.299,1,0.235,0.131,0.297,Infiltration
29.943,ICMP,https,1102,5005,630,203.954,21.04,0,0.4,0.099,0.066,Benign
22.083,UDP,smtp,2964,7393,3010,469.003,136.304,0,0.824,0.033,0.071,Benign
15.853,ICMP,https,2231,2652,3370,308.017,212.578,0,0.764,0.076,0.005,Benign
6.186,UDP,http,1163,6932,1731,1308.6,279.825,1,0.298,0.035,0.074,Benign
4.89,TCP,http,46766,901,940,9747.853,192.229,0,0.217,0.842,0.209,DoS
2.945,UDP,dns,20687,1694,5000,7599.66,1697.793,0,0.507,0.984,0.071,DDoS
13.376,UDP,ftp,1878,1725,2504,269.363,187.201,0,0.225,0.099,0.053,Benign
3.775,TCP,ssh,23034,1889,4846,6602.119,1283.709,0,0.373,0.923,0.142,DoS
18.684,ICMP,other,3542,6451,899,534.843,48.116,0,0.643,0.11,0.006,Benign
260.384,ICMP,dns,18023,15688,4255,129.466,16.341,3,0.408,0.494,0.306,Botnet
297.932,UDP,smtp,8306,4821,2252,44.06,7.559,0,0.268,0.318,0.357,Botnet
10.192,ICMP,dns,3272,356,4985,355.965,489.109,0,0.21,0.054,0.066,Benign
25.096,ICMP,dns,1504,3675,2943,206.368,117.27,0,0.584,0.066,0.047,Benign
0.302,TCP,ftp,6213,566,529,22447.02,1751.656,0,0.552,0.954,0.243,DDoS
26.085,UDP,dns,1082,1903,411,114.434,15.756,0,0.386,0.022,0.062,Benign
15.251,TCP,smtp,3647,4790,2127,553.21,139.466,0,0.98,0.083,0.023,Benign
21.578,UDP,ssh,4959,1962,4191,320.743,194.226,0,0.262,0.012,0.044,Benign
24.891,ICMP,dns,3447,624,2680,163.553,107.669,0,0.686,0.131,0.014,Benign
11.304,UDP,smtp,2448,5134,1234,670.736,109.165,0,0.929,0.055,0.029,Benign
24.26,ICMP,https,4224,5903,2823,417.436,116.364,0,0.952,0.076,0.058,Benign
19.746,ICMP,http,1269,3161,1844,224.349,93.386,0,0.652,0.097,0.096,Benign
374.957,ICMP,ssh,71643,97081,426,449.982,1.136,1,0.686,0.566,0.337,Infiltration
9.576,ICMP,ftp,1637,6888,2970,890.246,310.15,0,0.385,0.137,0.033,Benign
7.307,TCP,smtp,3398,3004,2972,876.146,406.733,0,0.723,0.084,0.008,Benign
12.624,UDP,other,4704,6821,3344,912.944,264.892,0,0.739,0.019,0.054,Benign
23.896,ICMP,dns,2838,2611,1220,228.03,51.055,0,0.661,0.061,0.051,Benign
26.305,TCP,https,167,1406,3854,59.799,146.512,0,0.794,0.04,0.055,Benign
12.999,TCP,other,1407,638,3464,157.32,266.482,0,0.483,0.13,0.092,Benign
21.388,ICMP,https,1015,2799,887,178.324,41.472,0,0.995,0.135,0.059,Benign
28.503,ICMP,dns,3389,5207,3913,301.582,137.284,0,0.76,0.125,0.029,Benign
2.952,ICMP,other,54746,1918,68,19195.122,23.035,0,0.675,0.779,0.103,DoS
11.443,ICMP,ftp,3632,1487,798,447.348,69.737,0,0.386,0.088,0.094,Benign
15.579,TCP,ssh,4342,4789,3151,586.11,202.259,0,0.455,0.139,0.029,Benign
24.438,TCP,http,1765,3566,819,218.144,33.513,0,0.478,0.086,0.062,Benign
14.65,UDP,dns,1872,7292,4970,625.529,339.249,0,0.803,0.141,0.026,Benign
12.139,ICMP,http,7277,37186,4427,3662.822,364.692,4,0.63,0.276,0.057,Web Attack
24.69,UDP,other,3067,1704,3649,193.236,147.793,0,0.617,0.142,0.043,Benign
3.584,UDP,http,56361,245,2159,15794.085,602.4,0,0.269,0.75,0.201,DDoS
20.095,UDP,smtp,2937,6623,2684,475.74,133.566,0,0.325,0.119,0.073,Benign
22.092,UDP,smtp,646,5830,827,293.138,37.434,0,0.946,0.134,0.004,Benign
4.209,UDP,https,44327,1715,70,10938.94,16.631,0,0.397,0.945,0.062,DDoS
5.951,TCP,smtp,3891,1280,1084,868.93,182.154,0,0.359,0.028,0.05,Benign
89.561,ICMP,ssh,3709,126,1464,42.82,16.346,60,0.231,0.134,0.273,Brute Force
18.968,ICMP,ftp,1962,5264,2463,380.957,129.85,0,0.873,0.08,0.095,Benign
63.924,ICMP,ssh,6625,4997,925,181.81,14.47,50,0.97,0.372,0.168,Brute Force
116.63,UDP,ftp,5531,2126,935,65.652,8.017,59,0.478,0.158,0.236,Brute Force
26.477,TCP,other,4047,4963,4162,340.295,157.193,0,0.372,0.035,0.029,Benign
71.848,UDP,ftp,5495,2243,3270,107.7,45.513,45,0.409,0.306,0.374,Brute Force
6.647,UDP,smtp,413,2567,4396,448.323,661.351,0,0.365,0.033,0.088,Benign
9.958,ICMP,ssh,4995,4461,744,949.588,74.714,0,0.824,0.108,0.08,Benign
23.004,UDP,other,559,5405,1291,259.259,56.121,0,0.871,0.032,0.054,Benign
8.777,ICMP,https,1362,7500,2042,1009.684,232.654,0,0.952,0.062,0.055,Benign
28.217,TCP,other,879,4148,2474,178.155,87.678,0,0.219,0.073,0.016,Benign
1.11,ICMP,https,1052,6700,2216,6983.784,1996.396,0,0.89,0.098,0.013,Benign
21.134,ICMP,smtp,3442,205,1248,172.566,59.052,0,0.276,0.125,0.06,Benign
24.961,UDP,https,2597,6468,2250,363.167,90.141,0,0.567,0.077,0.002,Benign
14.195,ICMP,ssh,2425,3558,3964,421.486,279.253,0,0.428,0.145,0.056,Benign
11.534,ICMP,https,4111,6000,892,876.626,77.337,0,0.562,0.056,0.055,Benign
23.159,TCP,ftp,3702,3069,1182,292.37,51.038,0,0.848,0.016,0.031,Benign
109.55,TCP,ssh,114354,65200,3884,1639.014,35.454,9,0.619,0.237,0.164,Infiltration
3.839,TCP,http,17516,843,1238,4782.235,322.48,0,0.229,0.69,0.168,DDoS
26.156,ICMP,ftp,2236,5695,4099,303.219,156.714,0,0.45,0.084,0.049,Benign
21.295,UDP,ftp,4254,4584,865,415.027,40.62,0,0.541,0.149,0.008,Benign
0.507,TCP,other,4299,6168,936,20644.97,1846.154,0,0.231,0.03,0.087,Benign
24.114,TCP,smtp,4031,1185,2435,216.306,100.979,0,0.294,0.082,0.04,Benign
157.421,ICMP,smtp,43255,81622,2382,793.268,15.131,5,0.619,0.41,0.175,Infiltration
11.2,ICMP,smtp,4992,2098,1113,633.036,99.375,0,0.331,0.032,0.033,Benign
9.599,UDP,http,1508,1271,1542,289.509,160.642,0,0.359,0.149,0.001,Benign
2.932,UDP,dns,3879,4909,1856,2997.271,633.015,0,0.476,0.053,0.056,Benign
8.597,TCP,dns,3531,4827,2091,972.2,243.224,0,0.649,0.055,0.077,Benign
17.82,TCP,http,883,6025,1042,387.654,58.474,0,0.838,0.027,0.056,Benign
17.312,UDP,dns,4891,4994,3883,570.991,224.295,0,0.367,0.121,0.087,Benign
2.831,TCP,https,1240,1214,432,866.832,152.596,0,0.31,0.131,0.032,Benign
2.364,UDP,smtp,20828,1024,3226,9243.655,1364.636,0,0.502,0.892,0.134,DDoS
9.422,UDP,dns,4316,2636,1365,737.848,144.874,0,0.956,0.132,0.084,Benign
4.201,ICMP,https,37732,904,990,9196.858,235.658,0,0.646,0.771,0.326,DDoS
0.856,UDP,https,3035,7047,1756,11778.037,2051.402,0,0.694,0.101,0.073,Benign
51.163,TCP,ftp,374,1704,2695,40.615,52.675,61,0.275,0.28,0.128,Brute Force
27.655,UDP,ssh,2276,314,2077,93.654,75.104,0,0.419,0.096,0.04,Benign
1.01,ICMP,other,3896,5017,4474,8824.752,4429.703,0,0.846,0.074,0.047,Benign
26.839,TCP,ssh,1294,5820,3442,265.062,128.246,0,0.867,0.131,0.013,Benign
21.347,UDP,smtp,2614,838,141,161.709,6.605,0,0.466,0.042,0.085,Benign
5.159,UDP,smtp,4847,5955,3307,2093.817,641.016,0,0.533,0.077,0.094,Benign
5.869,TCP,http,4148,1248,2262,919.407,385.415,0,0.687,0.013,0.044,Benign
19.095,UDP,https,66,2589,4659,139.042,243.991,0,0.869,0.053,0.034,Benign
3.576,UDP,http,781,1535,169,647.651,47.26,0,0.813,0.028,0.059,Benign
1.879,TCP,smtp,6326,1796,1570,4322.512,835.551,0,0.798,0.876,0.136,DoS
1.903,UDP,http,19813,364,3396,10602.733,1784.551,0,0.381,0.676,0.248,DoS
29.38,TCP,https,2164,5754,2983,269.503,101.532,0,0.479,0.014,0.036,Benign
18.968,UDP,other,1436,340,4663,93.631,245.835,0,0.369,0.088,0.016,Benign
24.346,UDP,smtp,2404,1739,2208,170.172,90.693,0,0.273,0.145,0.055,Benign
2.344,UDP,https,3060,1888,1532,2110.922,653.584,0,0.58,0.602,0.28,DoS
16.957,UDP,dns,4860,7423,69,724.362,4.069,0,0.327,0.105,0.063,Benign
27.099,UDP,smtp,1572,7520,183,335.511,6.753,0,0.551,0.024,0.055,Benign
20.866,ICMP,ssh,3311,3919,2772,346.497,132.848,0,0.586,0.038,0.037,Benign
22.919,TCP,https,4193,923,3287,223.221,143.418,0,0.674,0.116,0.095,Benign
26.609,TCP,dns,4333,1665,2734,225.412,102.747,1,0.831,0.085,0.014,Benign
23.807,TCP,dns,1198,6605,1213,327.761,50.951,0,0.36,0.059,0.046,Benign
5.619,UDP,http,1705,3616,3070,946.966,546.361,0,0.204,0.037,0.068,Benign
16.54,TCP,ftp,3268,5764,3801,546.07,229.807,0,0.765,0.071,0.038,Benign
0.651,TCP,ftp,51006,1915,2324,81291.859,3569.892,0,0.856,0.61,0.321,DoS
1.975,UDP,ssh,5696,710,4809,3243.544,2434.937,0,0.222,0.77,0.309,DoS
35.867,TCP,ftp,6135,2884,637,251.457,17.76,69,0.716,0.512,0.294,Brute Force
6.416,TCP,http,3606,800,2339,686.721,364.557,0,0.449,0.098,0.043,Benign
7.904,UDP,http,3494,1510,3813,633.097,482.414,0,0.845,0.102,0.083,Benign
19.71,ICMP,http,3353,6622,4158,506.088,210.959,0,0.507,0.024,0.013,Benign
28.802,UDP,smtp,3330,3500,954,237.136,33.123,0,0.683,0.045,0.026,Benign
1.87,UDP,ssh,32034,1458,2993,17910.16,1600.535,0,0.289,0.701,0.237,DDoS
22.812,UDP,ssh,695,1271,2117,86.183,92.802,0,0.358,0.142,0.071,Benign
2.28,ICMP,other,4181,951,4015,2250.877,1760.965,0,0.568,0.677,0.093,DDoS
11.142,ICMP,smtp,3527,2804,2194,568.21,196.913,0,0.343,0.115,0.002,Benign
9.807,TCP,ftp,331,4920,3250,535.434,331.396,0,0.399,0.11,0.053,Benign
21.831,TCP,https,4082,3571,2004,350.557,91.796,0,0.935,0.052,0.046,Benign
42.361,ICMP,http,15521,3663,3133,452.869,73.96,0,0.61,0.148,0.06,Web Attack
3.749,UDP,smtp,28690,820,2109,7871.432,562.55,0,0.777,0.56,0.383,DoS
4.563,TCP,other,8630,1625,2488,2247.425,545.255,0,0.692,0.636,0.141,DoS
23.989,TCP,smtp,3105,4736,1526,326.858,63.612,0,0.421,0.114,0.044,Benign
27.301,ICMP,ftp,2374,2273,1068,170.214,39.119,0,0.42,0.031,0.078,Benign
3.005,ICMP,dns,1881,188,4996,688.519,1662.562,0,0.862,0.033,0.061,Benign
9.93,ICMP,ssh,3227,3936,2842,721.349,286.203,0,0.858,0.002,0.034,Benign
6.398,ICMP,ftp,1432,5553,4685,1091.747,732.26,0,0.974,0.06,0.066,Benign
2.584,ICMP,dns,4378,3064,3833,2880.031,1483.359,0,0.224,0.113,0.045,Benign
10.614,TCP,ssh,3575,3442,4563,661.108,429.904,1,0.795,0.004,0.097,Benign
91.898,UDP,ssh,80576,112367,911,2099.534,9.913,1,0.657,0.153,0.198,Infiltration
23.348,TCP,other,3325,4546,4914,337.117,210.468,0,0.423,0.113,0.042,Benign
3.325,ICMP,http,46013,1966,4119,14429.774,1238.797,0,0.629,0.835,0.273,DoS
22.729,UDP,ftp,2385,6807,3282,404.417,144.397,0,0.431,0.024,0.087,Benign
13.974,UDP,other,1451,5638,3431,507.299,245.527,0,0.528,0.058,0.065,Benign
4.243,ICMP,https,4163,699,2667,1145.887,628.565,0,0.688,0.11,0.095,Benign
20.562,ICMP,ftp,3073,226,4527,160.442,220.163,0,0.609,0.133,0.065,Benign
11.135,TCP,ftp,2000,1475,1091,312.079,97.979,0,0.434,0.107,0.02,Benign
60.73,TCP,ssh,4214,3734,4953,130.874,81.558,35,0.87,0.498,0.439,Brute Force
60.843,TCP,ftp,1344,156,3161,24.654,51.953,9,0.256,0.441,0.213,Brute Force
16.167,UDP,smtp,4415,5895,2404,637.719,148.698,0,0.849,0.072,0.073,Benign
0.209,ICMP,other,27177,1467,3609,137052.632,17267.943,0,0.543,0.967,0.27,DDoS
7.949,TCP,other,4789,6213,2788,1384.073,350.736,0,0.314,0.108,0.037,Benign
8.009,UDP,https,2743,5299,2009,1004.12,250.843,0,0.806,0.069,0.071,Benign
9.987,ICMP,ftp,3729,5770,1152,951.136,115.35,0,0.318,0.041,0.004,Benign
16.95,TCP,dns,2425,2552,3898,293.628,229.971,0,0.77,0.024,0.063,Benign
24.175,TCP,smtp,1093,1240,1872,96.505,77.435,0,0.222,0.129,0.026,Benign
17.569,UDP,https,2165,3023,3329,295.293,189.481,0,0.582,0.112,0.1,Benign
13.314,UDP,https,16919,21597,1390,2892.895,104.401,4,0.897,0.162,0.266,Web Attack
0.526,UDP,ftp,570,2844,4990,6490.494,9486.692,0,0.822,0.031,0.015,Benign
1.789,ICMP,https,31102,1166,4298,18036.892,2402.459,0,0.919,0.961,0.367,DoS
0.174,UDP,smtp,42051,202,2228,242833.333,12804.598,0,0.643,0.978,0.228,DoS
26.191,ICMP,ssh,498,3698,1501,160.208,57.31,0,0.752,0.037,0.026,Benign
20.72,TCP,https,3776,1493,753,254.295,36.342,0,0.794,0.091,0.055,Benign
2.618,TCP,https,4988,425,4766,2067.609,1820.474,0,0.582,0.652,0.255,DoS
23.721,TCP,dns,638,1649,823,96.412,34.695,0,0.634,0.066,0.048,Benign
17.123,UDP,dns,4805,3560,1600,488.524,93.442,0,0.671,0.017,0.089,Benign
7.627,UDP,http,3375,4966,3964,1093.615,519.733,0,0.611,0.095,0.033,Benign
262.833,UDP,dns,8659,11678,3609,77.376,13.731,2,0.289,0.557,0.276,Botnet
0.043,TCP,ftp,59547,1995,1469,1431209.302,34162.791,0,0.252,0.779,0.224,DoS
27.766,UDP,http,3670,2845,895,234.639,32.234,0,0.81,0.081,0.018,Benign
9.668,ICMP,dns,4385,3905,4682,857.468,484.278,0,0.738,0.045,0.061,Benign
11.948,TCP,other,1447,7022,4235,708.822,354.453,0,0.985,0.099,0.033,Benign
21.821,UDP,other,1913,7681,3042,439.668,139.407,0,0.316,0.14,0.083,Benign
22.382,UDP,other,3724,2563,3315,280.895,148.11,0,0.244,0.059,0.042,Benign
4.284,ICMP,other,3782,6323,2101,2358.777,490.43,0,0.436,0.123,0.02,Benign
23.749,UDP,ftp,2708,4611,4125,308.181,173.692,0,0.552,0.03,0.021,Benign
4.896,TCP,https,3969,7752,381,2393.995,77.819,0,0.825,0.07,0.097,Benign
7.57,ICMP,ftp,4841,3112,4411,1050.594,582.695,0,0.496,0.008,0.034,Benign
11.608,TCP,http,2924,22269,4836,2170.314,416.609,5,0.439,0.174,0.088,Web Attack
7.432,TCP,ftp,4731,4517,2392,1244.349,321.851,0,0.752,0.039,0.053,Benign
23.598,TCP,other,2611,7881,1764,444.614,74.752,0,0.347,0.136,0.045,Benign
10.057,UDP,dns,2161,2131,3370,426.767,335.09,0,0.542,0.14,0.014,Benign
2.647,TCP,other,34571,764,267,13349.074,100.869,0,0.968,0.557,0.203,DDoS
69.269,UDP,ssh,4830,4808,4578,139.139,66.09,47,0.824,0.417,0.344,Brute Force
25.559,ICMP,other,4741,7597,603,482.726,23.592,0,0.814,0.098,0.019,Benign
13.594,UDP,ftp,1286,5368,3724,489.481,273.944,0,0.622,0.027,0.058,Benign
12.104,UDP,http,2446,92,2645,209.683,218.523,0,0.542,0.058,0.001,Benign
20.269,TCP,ssh,2715,4401,4710,351.078,232.375,0,0.94,0.1,0.077,Benign
73.454,ICMP,ssh,3294,1314,1048,62.733,14.267,31,0.632,0.254,0.09,Brute Force
108.294,UDP,other,8040,22066,2225,278.002,20.546,1,0.386,0.271,0.123,Botnet
11.848,UDP,http,14906,9068,3121,2023.464,263.42,3,0.239,0.058,0.267,Web Attack
23.152,TCP,https,4875,6712,4742,500.475,204.82,0,0.78,0.145,0.051,Benign
28.227,TCP,http,4994,2975,748,282.318,26.499,0,0.84,0.048,0.019,Benign
3.449,UDP,ssh,3783,172,824,1146.709,238.91,0,0.484,0.121,0.04,Benign
284.863,TCP,ftp,21864,10353,3197,113.096,11.223,1,0.901,0.75,0.088,Botnet
19.456,UDP,smtp,2688,411,1053,159.282,54.122,0,0.615,0.037,0.056,Benign
1.266,UDP,other,4924,6613,3403,9112.954,2687.994,0,0.859,0.111,0.029,Benign
28.962,TCP,ssh,1527,3030,4080,157.344,140.874,0,0.363,0.016,0.016,Benign
8.029,UDP,other,2670,273,285,366.546,35.496,0,0.788,0.05,0.089,Benign
16.23,UDP,http,4942,5958,1829,671.596,112.693,0,0.274,0.024,0.001,Benign
248.284,TCP,ftp,55404,113216,10,679.142,0.04,8,0.449,0.342,0.486,Infiltration
9.754,UDP,https,4463,3034,4042,768.608,414.394,1,0.799,0.1,0.01,Benign
34.124,TCP,ftp,2326,1268,2317,105.322,67.899,33,0.91,0.43,0.347,Brute Force
5.62,TCP,dns,2506,2732,4239,932.028,754.27,0,0.662,0.069,0.059,Benign
56.422,TCP,ssh,2579,4846,1626,131.598,28.819,9,0.984,0.474,0.37,Brute Force
25.078,ICMP,http,1988,1366,2822,133.743,112.529,0,0.35,0.002,0.048,Benign
59.731,ICMP,ftp,3719,3812,4219,126.082,70.633,38,0.939,0.373,0.097,Brute Force
10.295,TCP,dns,4032,6364,2809,1009.811,272.851,0,0.811,0.099,0.067,Benign
19.305,UDP,ftp,4490,1074,990,288.215,51.282,0,0.64,0.146,0.083,Benign
13.632,UDP,dns,4572,7736,3261,902.876,239.217,0,0.856,0.13,0.05,Benign
25.588,ICMP,ssh,3834,236,4616,159.059,180.397,30,0.888,0.467,0.192,Brute Force
16.23,ICMP,dns,4388,1406,1858,356.993,114.479,0,0.875,0.015,0.017,Benign
4.712,TCP,ssh,40955,868,3288,8875.849,697.793,0,0.437,0.936,0.147,DoS
37.972,UDP,https,4960,48287,1715,1402.27,45.165,2,0.938,0.05,0.113,Web Attack
22.68,TCP,http,1189,1217,1991,106.085,87.787,0,0.513,0.024,0.097,Benign
17.783,UDP,ftp,2076,6874,1155,503.29,64.95,0,0.914,0.034,0.095,Benign
28.336,ICMP,ssh,1283,1726,93,106.19,3.282,0,0.709,0.101,0.076,Benign
23.173,ICMP,http,4942,3899,4438,381.522,191.516,0,0.794,0.066,0.082,Benign
27.324,TCP,other,2836,7209,2097,367.626,76.746,0,0.29,0.148,0.038,Benign
26.3,ICMP,https,4031,6253,4947,391.027,188.099,0,0.968,0.078,0.009,Benign
103.496,TCP,ftp,8302,3642,2264,115.405,21.875,58,0.924,0.128,0.092,Brute Force
20.043,UDP,ftp,2098,2961,1993,252.407,99.436,0,0.669,0.015,0.081,Benign
8.046,UDP,smtp,4036,4633,3139,1077.43,390.132,0,0.234,0.085,0.061,Benign
17.311,ICMP,http,1002,7959,4951,517.648,286.003,0,0.537,0.054,0.067,Benign
10.484,ICMP,http,3646,7021,3271,1017.455,311.999,0,0.851,0.13,0.004,Benign
27.252,UDP,smtp,1809,4684,2399,238.258,88.03,0,0.937,0.095,0.033,Benign
4.249,ICMP,ftp,17614,734,2042,4318.193,480.584,0,0.421,0.918,0.17,DDoS
3.499,UDP,ftp,42602,538,4580,12329.237,1308.945,0,0.817,0.896,0.106,DoS
12.099,UDP,smtp,2895,6437,2739,771.303,226.382,0,0.481,0.127,0.086,Benign
24.878,TCP,dns,869,7528,4078,337.527,163.92,0,0.712,0.096,0.031,Benign
4.281,TCP,dns,32813,718,2966,7832.516,692.829,0,0.804,0.702,0.203,DoS
51.215,UDP,http,19565,10675,3265,590.452,63.751,2,0.695,0.604,0.292,Botnet
21.379,TCP,http,3354,7021,3255,485.289,152.252,0,0.306,0.107,0.053,Benign
26.306,ICMP,other,2447,5065,3630,285.562,137.991,0,0.861,0.012,0.1,Benign
29.781,TCP,smtp,255,4090,1855,145.898,62.288,0,0.552,0.104,0.022,Benign
1.491,TCP,http,2361,1756,3400,2761.234,2280.349,0,0.645,0.825,0.343,DDoS
117.447,TCP,ftp,68970,77139,3176,1244.042,27.042,6,0.797,0.445,0.5,Infiltration
24.072,UDP,other,3573,3072,4431,276.047,184.073,0,0.486,0.139,0.023,Benign
260.785,TCP,dns,23517,8590,4162,123.117,15.96,1,0.767,0.208,0.463,Botnet
24.806,TCP,other,1906,5939,1839,316.254,74.135,0,0.572,0.105,0.098,Benign
18.602,TCP,ftp,4112,4881,4592,483.443,246.855,0,0.559,0.143,0.017,Benign
26.041,UDP,ftp,1251,562,4672,69.621,179.409,0,0.402,0.01,0.072,Benign
75.751,TCP,ftp,7258,1192,2712,111.55,35.802,55,0.386,0.208,0.231,Brute Force
0.73,ICMP,ftp,36364,1395,4998,51724.658,6846.575,0,0.242,0.814,0.352,DDoS
3.875,ICMP,http,5653,1257,1325,1783.226,341.935,0,0.786,0.579,0.195,DoS
22.789,ICMP,other,1509,6886,983,368.379,43.135,0,0.465,0.097,0.049,Benign
21.058,UDP,ssh,3213,6633,2817,467.566,133.773,0,0.346,0.104,0.014,Benign
12.968,TCP,smtp,2104,4133,2882,480.953,222.239,0,0.989,0.039,0.02,Benign
22.579,UDP,ftp,4331,2151,489,287.081,21.657,0,0.746,0.091,0.098,Benign
0.476,TCP,ssh,2717,3191,3075,12411.765,6460.084,0,0.887,0.12,0.057,Benign
193.844,TCP,smtp,6456,18037,1272,126.354,6.562,1,0.68,0.735,0.094,Botnet
25.395,UDP,smtp,1494,4196,322,224.06,12.68,0,0.948,0.123,0.003,Benign
112.767,TCP,ssh,4974,982,821,52.817,7.28,49,0.598,0.442,0.286,Brute Force
28.141,ICMP,dns,4529,6853,4547,404.463,161.579,0,0.252,0.067,0.012,Benign
28.816,TCP,https,4060,1582,3940,195.794,136.73,0,0.849,0.006,0.006,Benign
67.286,ICMP,https,3736,35068,4480,576.702,66.581,0,0.715,0.249,0.13,Web Attack
22.929,TCP,ftp,2439,7775,4022,445.462,175.411,0,0.219,0.061,0.038,Benign
18.329,ICMP,ftp,2545,4116,456,363.413,24.879,1,0.622,0.116,0.077,Benign
26.774,TCP,dns,4719,4486,234,343.804,8.74,0,0.238,0.047,0.005,Benign
28.929,TCP,dns,469,6788,4297,250.856,148.536,0,0.879,0.131,0.074,Benign
1.437,ICMP,smtp,1797,848,2628,1840.64,1828.81,0,0.258,0.028,0.022,Benign
19.249,TCP,ssh,167,410,2384,29.976,123.851,0,0.204,0.031,0.069,Benign
29.614,UDP,https,1910,3085,4909,168.67,165.766,0,0.397,0.06,0.016,Benign
17.159,UDP,smtp,2577,1718,3357,250.306,195.641,0,0.752,0.098,0.091,Benign
8.415,UDP,ftp,1592,6730,3244,988.948,385.502,0,0.233,0.038,0.001,Benign
3.451,TCP,smtp,5621,1305,4007,2006.955,1161.113,0,0.253,0.601,0.106,DoS
7.769,TCP,smtp,3302,2373,893,730.467,114.944,0,0.809,0.043,0.057,Benign
16.687,TCP,http,4119,1684,900,347.756,53.934,0,0.289,0.149,0.047,Benign
2.6,UDP,https,592,2020,3626,1004.615,1394.615,0,0.678,0.056,0.074,Benign
29.238,ICMP,other,1763,5978,2801,264.758,95.8,0,0.888,0.085,0.095,Benign
13.915,TCP,dns,502,3245,1850,269.278,132.95,0,0.347,0.142,0.051,Benign
13.222,ICMP,smtp,3648,608,1324,321.888,100.136,0,0.315,0.09,0.029,Benign
211.734,TCP,http,13932,17475,2640,148.332,12.468,0,0.496,0.521,0.126,Botnet
7.086,TCP,smtp,3162,68,985,455.828,139.006,0,0.886,0.122,0.077,Benign
2.732,TCP,ssh,2297,1328,4686,1326.867,1715.227,0,0.716,0.921,0.217,DoS
13.545,ICMP,ftp,1986,5634,3732,562.569,275.526,0,0.583,0.038,0.098,Benign
106.739,UDP,ftp,3867,1282,2112,48.239,19.787,41,0.906,0.419,0.12,Brute Force
24.183,TCP,ftp,1219,388,1864,66.452,77.079,0,0.99,0.107,0.054,Benign
6.322,ICMP,dns,3364,3489,3187,1083.992,504.113,0,0.571,0.069,0.045,Benign
4.08,ICMP,ftp,4381,1726,2982,1496.814,730.882,0,0.92,0.107,0.057,Benign
19.356,UDP,dns,1789,3258,2465,260.746,127.351,0,0.924,0.016,0.065,Benign
34.248,ICMP,ftp,7616,11565,3542,560.062,103.422,1,0.344,0.546,0.472,Botnet
11.641,ICMP,https,1451,2279,3297,320.419,283.223,1,0.66,0.102,0.077,Benign
1.589,TCP,ftp,17102,1777,3991,11881.057,2511.643,0,0.453,0.882,0.317,DDoS
59.09,ICMP,http,1656,45314,437,794.889,7.395,0,0.465,0.286,0.071,Web Attack
22.333,UDP,https,1784,2559,4784,194.466,214.212,0,0.924,0.054,0.091,Benign
5.339,UDP,smtp,2524,871,1342,635.887,251.358,0,0.532,0.024,0.088,Benign
4.833,ICMP,ftp,4564,5190,2048,2018.208,423.753,0,0.981,0.147,0.069,Benign
3.002,TCP,ftp,362,1150,168,503.664,55.963,0,0.669,0.071,0.048,Benign
304.899,UDP,ftp,24833,59632,4648,277.026,15.244,0,0.475,0.634,0.526,Infiltration
2.16,TCP,dns,1145,5152,1619,2915.278,749.537,0,0.969,0.059,0.015,Benign
28.468,ICMP,other,720,2945,4840,128.741,170.015,0,0.534,0.12,0.002,Benign
15.451,UDP,https,4303,7447,431,760.469,27.895,0,0.72,0.073,0.091,Benign
29.885,UDP,ftp,2804,371,662,106.241,22.152,0,0.466,0.149,0.066,Benign
22.066,ICMP,http,197,2519,299,123.085,13.55,0,0.756,0.136,0.038,Benign
11.067,UDP,dns,4239,7032,1089,1018.433,98.401,1,0.954,0.064,0.071,Benign
14.716,ICMP,https,2224,722,2615,200.19,177.698,0,0.889,0.138,0.008,Benign
24.138,TCP,ssh,1953,2090,720,167.495,29.828,14,0.891,0.189,0.076,Brute Force
24.229,TCP,smtp,616,1319,2715,79.863,112.056,0,0.829,0.145,0.097,Benign
21.154,TCP,http,1674,7560,755,436.513,35.691,0,0.203,0.012,0.009,Benign
0.259,TCP,https,6204,792,3904,27011.583,15073.359,0,0.854,0.694,0.235,DDoS
21.218,UDP,ssh,3883,2399,3630,296.069,171.081,0,0.348,0.089,0.086,Benign
7.972,TCP,https,4480,4753,625,1158.179,78.399,1,0.351,0.105,0.07,Benign
1.979,TCP,https,55790,1213,2343,28803.941,1183.931,0,0.375,0.684,0.194,DDoS
7.299,UDP,smtp,97,5404,1326,753.665,181.669,0,0.252,0.103,0.028,Benign
1.906,UDP,smtp,3563,694,727,2233.473,381.427,0,0.455,0.135,0.045,Benign
3.409,UDP,smtp,45446,1964,2618,13907.304,767.967,0,0.561,0.58,0.142,DoS
2.503,UDP,dns,51031,1001,1563,20787.855,624.451,0,0.382,0.691,0.4,DoS
12.351,ICMP,dns,3821,2697,3803,527.731,307.91,0,0.895,0.127,0.097,Benign
22.162,TCP,https,3198,3477,3129,301.191,141.188,0,0.992,0.131,0.079,Benign
0.517,UDP,dns,1455,1277,3210,5284.333,6208.897,0,0.578,0.028,0.009,Benign
14.97,TCP,http,1336,2526,1561,257.983,104.275,0,0.589,0.128,0.028,Benign
4.737,UDP,ftp,11474,998,873,2632.89,184.294,0,0.254,0.986,0.071,DoS
8.751,UDP,ssh,1966,4289,111,714.775,12.684,0,0.965,0.121,0.042,Benign
9.387,UDP,smtp,3554,5050,3063,916.587,326.302,0,0.846,0.019,0.028,Benign
116.747,UDP,ftp,1234,245,1917,12.668,16.42,62,0.928,0.285,0.148,Brute Force
63.158,ICMP,http,18686,23331,2641,665.268,41.816,4,0.825,0.288,0.225,Web Attack
17.826,TCP,smtp,1981,6702,163,487.097,9.144,0,0.451,0.073,0.047,Benign
26.319,UDP,ftp,5469,766,553,236.901,21.011,72,0.56,0.345,0.291,Brute Force
0.724,UDP,smtp,56559,1592,30,80319.061,41.436,0,0.462,0.577,0.136,DoS
0.739,UDP,ssh,18875,1959,4959,28192.152,6710.419,0,0.907,0.694,0.395,DDoS
28.736,ICMP,https,4935,4996,1601,345.594,55.714,0,0.619,0.11,0.074,Benign
11.343,TCP,other,129,2482,3457,230.186,304.769,0,0.263,0.022,0.003,Benign
18.814,TCP,ftp,4588,1325,2245,314.287,119.326,0,0.565,0.114,0.011,Benign
8.614,ICMP,ftp,4844,1092,2679,689.111,311.005,0,0.642,0.003,0.005,Benign
21.643,UDP,other,4546,248,2680,221.503,123.828,0,0.69,0.097,0.04,Benign
1.627,ICMP,dns,50577,1164,1085,31801.475,666.872,0,0.597,0.568,0.229,DoS
9.078,TCP,https,5853,47783,2775,5908.35,305.684,1,0.265,0.078,0.14,Web Attack
12.077,TCP,ftp,549,4338,4495,404.653,372.195,0,0.858,0.118,0.069,Benign
0.585,UDP,https,57928,534,4573,99935.043,7817.094,0,0.219,0.652,0.07,DDoS
14.413,ICMP,https,385,1834,1132,153.958,78.54,0,0.6,0.142,0.095,Benign
11.935,ICMP,smtp,4219,6311,3404,882.279,285.212,0,0.64,0.004,0.071,Benign
6.344,ICMP,http,4813,4066,3020,1399.59,476.04,0,0.607,0.105,0.058,Benign
0.77,UDP,https,1481,1874,2181,4357.143,2832.468,0,0.645,0.832,0.268,DDoS
6.127,TCP,other,2139,2780,2342,802.84,382.243,0,0.561,0.135,0.039,Benign
15.403,ICMP,smtp,3363,1716,1689,329.741,109.654,0,0.36,0.006,0.08,Benign
25.005,ICMP,dns,1795,7303,1887,363.847,75.465,0,0.653,0.046,0.046,Benign
66.221,UDP,ssh,5277,201,4097,82.723,61.869,32,0.957,0.515,0.394,Brute Force
29.528,UDP,ftp,4970,6215,2342,378.793,79.315,0,0.836,0.074,0.056,Benign
18.529,TCP,http,42,7025,2251,381.402,121.485,0,0.944,0.008,0.001,Benign
17.087,UDP,smtp,1346,836,3471,127.699,203.137,0,0.793,0.032,0.019,Benign
19.643,UDP,ftp,2476,6351,3748,449.371,190.806,0,0.944,0.018,0.014,Benign
111.135,TCP,ssh,697,4003,3734,42.291,33.599,27,0.896,0.107,0.084,Brute Force
8.175,ICMP,dns,4653,3969,3261,1054.679,398.899,0,0.742,0.104,0.022,Benign
24.93,UDP,ftp,3418,1473,521,196.189,20.899,1,0.968,0.087,0.004,Benign
89.076,ICMP,ssh,3521,2289,1928,65.225,21.644,8,0.752,0.436,0.435,Brute Force
4.369,ICMP,http,55748,1755,4007,13161.593,917.144,0,0.834,0.746,0.383,DDoS
8.667,ICMP,http,764,4939,3062,658.013,353.294,0,0.727,0.123,0.054,Benign
4.456,ICMP,ssh,2880,3374,2851,1403.501,639.811,0,0.814,0.06,0.047,Benign
26.694,ICMP,other,4482,3380,1132,294.523,42.407,0,0.466,0.065,0.06,Benign
22.636,UDP,ftp,1385,7328,1193,384.918,52.704,0,0.679,0.076,0.086,Benign
25.548,ICMP,https,4739,1182,3251,231.76,127.251,1,0.265,0.119,0.082,Benign
16.366,TCP,ssh,4296,890,1354,316.876,82.732,0,0.792,0.038,0.055,Benign
3.596,UDP,ftp,3098,4532,1799,2121.802,500.278,0,0.662,0.078,0.082,Benign
4.94,ICMP,other,15798,1311,1547,3463.36,313.158,0,0.773,0.84,0.104,DoS
21.858,ICMP,ssh,2565,691,4444,148.961,203.312,44,0.711,0.221,0.212,Brute Force
24.542,TCP,http,10192,4467,589,597.303,24.0,1,0.254,0.261,0.399,Botnet
28.352,TCP,ftp,3341,126,1712,122.284,60.384,0,0.443,0.045,0.039,Benign
18.483,UDP,smtp,383,5603,259,323.865,14.013,0,0.405,0.005,0.032,Benign
16.217,UDP,other,842,3502,4021,267.867,247.95,0,0.996,0.093,0.035,Benign
27.186,UDP,other,3930,2105,775,221.989,28.507,0,0.564,0.012,0.072,Benign
4.92,TCP,ssh,3250,661,3701,794.919,752.236,0,0.373,0.689,0.322,DoS
3.939,TCP,smtp,271,7703,2255,2024.372,572.48,0,0.758,0.01,0.018,Benign
21.757,ICMP,smtp,2114,4837,3705,319.483,170.29,0,0.435,0.078,0.017,Benign
10.009,UDP,ssh,938,5666,3988,659.806,398.441,0,0.399,0.126,0.02,Benign
19.651,ICMP,other,1486,6368,4785,399.674,243.499,0,0.876,0.045,0.022,Benign
21.053,UDP,other,991,871,4962,88.443,235.691,0,0.65,0.02,0.098,Benign
20.998,UDP,other,208,5843,876,288.17,41.718,0,0.535,0.104,0.063,Benign
21.091,UDP,ssh,588,573,3893,55.047,184.581,0,0.521,0.132,0.066,Benign
2.905,TCP,https,3330,38383,4570,14359.036,1573.15,1,0.41,0.249,0.162,Web Attack
17.505,ICMP,https,989,4624,3205,320.651,183.091,0,0.209,0.03,0.03,Benign
15.784,TCP,http,2218,4837,2622,446.972,166.118,0,0.937,0.046,0.081,Benign
83.044,TCP,ssh,8036,4021,1201,145.188,14.462,32,0.734,0.15,0.205,Brute Force
93.657,TCP,ftp,8026,4305,2968,131.661,31.69,14,0.95,0.383,0.149,Brute Force
3.764,UDP,http,3812,1783,1582,1486.451,420.298,0,0.737,0.694,0.188,DDoS
48.908,UDP,https,7863,9344,1293,351.824,26.437,3,0.393,0.234,0.248,Web Attack
2.344,UDP,other,4953,293,1197,2238.055,510.666,0,0.818,0.084,0.07,Benign
8.497,UDP,ftp,2837,2526,3854,631.164,453.572,0,0.609,0.091,0.092,Benign
20.888,ICMP,ssh,4997,4949,750,476.159,35.906,0,0.753,0.086,0.047,Benign
319.692,ICMP,ssh,9248,33976,2372,135.205,7.42,10,0.676,0.248,0.222,Infiltration
17.024,UDP,https,2895,2549,2286,319.784,134.281,0,0.411,0.05,0.068,Benign
23.073,ICMP,https,1180,6611,2966,337.667,128.549,0,0.77,0.044,0.069,Benign
13.934,TCP,other,4300,1460,2028,413.377,145.543,0,0.365,0.108,0.029,Benign
4.437,UDP,https,54056,1017,2222,12412.215,500.789,0,0.946,0.719,0.187,DoS
7.716,UDP,https,630,2108,3225,354.847,417.963,0,0.203,0.056,0.055,Benign
13.697,UDP,ftp,4550,4820,2181,684.091,159.232,0,0.241,0.077,0.042,Benign
3.332,UDP,ssh,3621,3209,451,2049.82,135.354,0,0.233,0.021,0.012,Benign
16.103,TCP,ssh,1083,6461,332,468.484,20.617,0,0.913,0.111,0.042,Benign
10.194,TCP,http,2310,2368,4679,458.897,458.995,0,0.801,0.035,0.062,Benign
19.673,UDP,https,1252,37287,1669,1958.979,84.837,4,0.633,0.145,0.105,Web Attack
17.18,TCP,http,2249,6671,1815,519.208,105.646,0,0.394,0.014,0.085,Benign
8.456,TCP,https,65,1996,3172,243.732,375.118,0,0.557,0.065,0.086,Benign
21.402,TCP,ftp,3665,1271,3119,230.633,145.734,0,0.218,0.058,0.062,Benign
2.463,TCP,smtp,52746,1792,4093,22142.915,1661.795,0,0.606,0.786,0.163,DoS
6.244,UDP,ssh,1223,5802,1384,1125.08,221.653,0,0.83,0.126,0.068,Benign
12.213,UDP,dns,2077,5896,3852,652.829,315.402,0,0.969,0.035,0.06,Benign
19.4,ICMP,https,569,3744,2950,222.32,152.062,0,0.505,0.003,0.057,Benign
27.285,ICMP,ftp,772,3622,2133,161.041,78.175,0,0.583,0.034,0.037,Benign
15.563,ICMP,smtp,4389,6676,398,710.981,25.573,0,0.809,0.005,0.038,Benign
18.502,TCP,http,4568,450,1225,271.214,66.209,0,0.435,0.079,0.026,Benign
110.756,UDP,ssh,3953,3454,432,66.877,3.9,44,0.658,0.183,0.077,Brute Force
1.448,ICMP,https,31818,1929,145,23305.939,100.138,0,0.846,0.74,0.109,DoS
2.115,ICMP,http,871,2244,3794,1472.813,1793.853,0,0.643,0.027,0.012,Benign
16.056,TCP,https,1570,2052,2235,225.585,139.2,0,0.611,0.049,0.017,Benign
11.875,ICMP,http,1408,436,4993,155.284,420.463,0,0.867,0.127,0.024,Benign
7.449,UDP,ftp,1474,5858,351,984.293,47.12,0,0.254,0.037,0.064,Benign
13.877,TCP,dns,4053,5590,4306,694.891,310.298,0,0.573,0.083,0.073,Benign
23.613,ICMP,dns,4770,5924,3344,452.886,141.617,0,0.334,0.061,0.025,Benign
14.006,TCP,ftp,1402,3110,3084,322.148,220.191,43,0.44,0.158,0.412,Brute Force
22.534,UDP,https,1805,3607,4841,240.17,214.831,0,0.832,0.113,0.045,Benign
1.517,ICMP,other,17023,291,3601,11413.316,2373.764,0,0.402,0.557,0.129,DoS
11.21,ICMP,ftp,1716,3835,1197,495.183,106.78,0,0.918,0.144,0.025,Benign
5.196,UDP,https,15740,26333,2911,8097.19,560.239,5,0.857,0.312,0.07,Web Attack
25.431,TCP,other,595,2927,95,138.492,3.736,0,0.994,0.047,0.051,Benign
8.161,ICMP,ssh,242,4213,3309,545.889,405.465,0,0.467,0.078,0.002,Benign
9.864,UDP,ssh,3054,457,3998,355.941,405.312,0,0.547,0.088,0.088,Benign
16.485,ICMP,other,4679,4184,3100,537.64,188.05,0,0.464,0.145,0.093,Benign
19.093,ICMP,smtp,1219,1204,2264,126.905,118.577,0,0.516,0.029,0.062,Benign
28.611,UDP,http,1633,3467,1247,178.253,43.585,0,0.542,0.063,0.083,Benign
29.732,TCP,http,1378,7075,1799,284.306,60.507,0,0.575,0.109,0.079,Benign
83.691,ICMP,ftp,88741,61241,3846,1792.092,45.955,5,0.965,0.439,0.541,Infiltration
26.686,ICMP,ssh,2748,5213,4836,298.321,181.219,0,0.616,0.079,0.067,Benign
26.908,ICMP,other,1893,6715,4173,319.905,155.084,0,0.44,0.073,0.033,Benign
477.487,UDP,http,40366,106076,1836,306.693,3.845,4,0.876,0.159,0.167,Infiltration
27.165,TCP,ftp,847,5752,3439,242.923,126.597,0,0.653,0.054,0.074,Benign
18.729,TCP,https,583,6388,3545,372.204,189.279,0,0.323,0.133,0.044,Benign
28.134,TCP,dns,1008,2563,3251,126.928,115.554,0,0.671,0.132,0.049,Benign
7.373,TCP,dns,1390,2793,683,567.34,92.635,0,0.281,0.049,0.038,Benign
4.586,ICMP,http,3550,4075,1249,1662.669,272.351,0,0.993,0.14,0.079,Benign
4.091,TCP,http,3044,5600,4690,2112.931,1146.419,0,0.27,0.124,0.036,Benign
3.089,UDP,dns,4814,714,1579,1789.576,511.169,1,0.832,0.092,0.082,Benign
39.406,UDP,ssh,4974,4409,3792,238.111,96.229,14,0.685,0.516,0.164,Brute Force
21.028,ICMP,other,827,4106,2779,234.592,132.157,0,0.732,0.103,0.003,Benign
28.556,UDP,dns,2550,2445,1931,174.919,67.622,0,0.835,0.122,0.042,Benign
1.061,ICMP,dns,31230,304,486,29721.018,458.058,0,0.67,0.866,0.063,DDoS
